2016-01-04,13415.000,13450.000,13140.000,13165.000
2016-01-05,13135.000,13345.000,13135.000,13335.000
2016-01-06,13255.000,13300.000,13030.000,13070.000
2016-01-07,13020.000,13120.000,12835.000,12885.000
2016-01-08,12800.000,12965.000,12670.000,12885.000
2016-01-11,12850.000,12960.000,12765.000,12840.000
2016-01-12,12805.000,12865.000,12335.000,12375.000
2016-01-13,12465.000,12535.000,12380.000,12490.000
2016-01-14,12500.000,12675.000,12440.000,12620.000
2016-01-15,12610.000,12810.000,12515.000,12530.000
2016-01-18,12470.000,12775.000,12440.000,12690.000
2016-01-19,12650.000,12880.000,12640.000,12830.000
2016-01-20,12865.000,12875.000,12660.000,12720.000
2016-01-21,12715.000,12760.000,12595.000,12625.000
2016-01-22,12635.000,12865.000,12630.000,12785.000
2016-01-25,12850.000,12890.000,12685.000,12760.000
2016-01-26,12790.000,12840.000,12725.000,12795.000
2016-01-27,12950.000,13140.000,12895.000,13095.000
2016-01-28,13100.000,13100.000,12955.000,12980.000
2016-01-29,12965.000,13085.000,12910.000,13080.000
2016-02-01,13080.000,13210.000,13000.000,13140.000
2016-02-02,13205.000,13365.000,13145.000,13340.000
2016-02-03,13400.000,13510.000,13275.000,13490.000
2016-02-04,13480.000,14010.000,13455.000,13945.000
2016-02-05,13890.000,13970.000,13705.000,13835.000
2016-02-15,13780.000,13960.000,13720.000,13815.000
2016-02-16,13735.000,13830.000,13615.000,13660.000
2016-02-17,13660.000,13720.000,13505.000,13555.000
2016-02-18,13580.000,13650.000,13535.000,13615.000
2016-02-19,13615.000,13960.000,13605.000,13915.000
2016-02-22,13945.000,14285.000,13870.000,14220.000
2016-02-23,14270.000,14320.000,14060.000,14140.000
2016-02-24,14115.000,14125.000,13870.000,13955.000
2016-02-25,13965.000,14360.000,13915.000,14070.000
2016-02-26,14120.000,14140.000,13815.000,13945.000
2016-02-29,13980.000,14235.000,13935.000,14050.000
2016-03-01,14215.000,14215.000,13860.000,14100.000
2016-03-02,14215.000,14430.000,14120.000,14370.000
2016-03-03,14360.000,14480.000,14315.000,14420.000
2016-03-04,14490.000,14680.000,14410.000,14480.000
2016-03-07,14490.000,14785.000,14355.000,14420.000
2016-03-08,14485.000,14615.000,14165.000,14290.000
2016-03-09,14355.000,14370.000,13785.000,14090.000
2016-03-10,14190.000,14295.000,14030.000,14065.000
2016-03-11,14095.000,14165.000,13985.000,14160.000
2016-03-14,14115.000,14335.000,14100.000,14180.000
2016-03-15,14200.000,14245.000,14025.000,14060.000
2016-03-16,13990.000,14075.000,13825.000,13970.000
2016-03-17,13930.000,14185.000,13920.000,14170.000
2016-03-18,14185.000,14595.000,14170.000,14405.000
2016-03-21,14460.000,14560.000,14290.000,14400.000
2016-03-22,14450.000,14585.000,14400.000,14440.000
2016-03-23,14445.000,14520.000,14355.000,14385.000
2016-03-24,14385.000,14385.000,14180.000,14200.000
2016-03-25,14120.000,14250.000,14060.000,14250.000
2016-03-28,14285.000,14350.000,14205.000,14205.000
2016-03-29,14265.000,14410.000,14125.000,14180.000
2016-03-30,14250.000,14275.000,14080.000,14140.000
2016-03-31,14140.000,14300.000,14075.000,14140.000
2016-04-01,14200.000,14475.000,14155.000,14445.000
2016-04-05,14380.000,14430.000,14345.000,14350.000
2016-04-06,14390.000,14410.000,14220.000,14240.000
2016-04-07,14200.000,14305.000,14160.000,14185.000
2016-04-08,14050.000,14085.000,13900.000,13955.000
2016-04-11,13980.000,14200.000,13965.000,14055.000
2016-04-12,14020.000,14140.000,14015.000,14115.000
2016-04-13,14280.000,14775.000,14235.000,14775.000
2016-04-14,14810.000,15200.000,14740.000,14865.000
2016-04-15,14980.000,15025.000,14760.000,14925.000
2016-04-18,14900.000,15315.000,14815.000,14990.000
2016-04-19,15200.000,15275.000,14945.000,15140.000
2016-04-20,15170.000,15310.000,15030.000,15130.000
2016-04-21,15200.000,15460.000,15040.000,15325.000
2016-04-22,15420.000,15455.000,14825.000,15050.000
2016-04-25,15100.000,15500.000,14965.000,15120.000
2016-04-26,15080.000,15115.000,14775.000,14790.000
2016-04-27,14910.000,15060.000,14805.000,14925.000
2016-04-28,14985.000,15025.000,14790.000,14900.000
2016-04-29,14930.000,15320.000,14890.000,15290.000
2016-05-03,15250.000,15390.000,15155.000,15345.000
2016-05-04,15180.000,15260.000,14900.000,14925.000
2016-05-05,14960.000,15080.000,14885.000,14900.000
2016-05-06,14955.000,15010.000,14715.000,14865.000
2016-05-09,14850.000,15135.000,14650.000,14745.000
2016-05-10,14780.000,14795.000,14515.000,14715.000
2016-05-11,14700.000,14935.000,14630.000,14905.000
2016-05-12,15030.000,15260.000,14940.000,15180.000
2016-05-13,15180.000,15275.000,14730.000,15020.000
2016-05-16,14950.000,15170.000,14925.000,15105.000
2016-05-17,15060.000,15220.000,15005.000,15190.000
2016-05-18,15115.000,15270.000,14955.000,15005.000
2016-05-19,14990.000,15095.000,14905.000,14945.000
2016-05-20,14865.000,15030.000,14805.000,15010.000
2016-05-23,15070.000,15150.000,14740.000,14825.000
2016-05-24,14775.000,14850.000,14445.000,14465.000
2016-05-25,14595.000,14700.000,14490.000,14525.000
2016-05-26,14630.000,14955.000,14575.000,14920.000
2016-05-27,14950.000,15050.000,14810.000,15005.000
2016-05-30,15070.000,15095.000,14950.000,15045.000
2016-05-31,15060.000,15130.000,14920.000,15095.000
2016-06-01,15185.000,15205.000,14920.000,14970.000
2016-06-02,15000.000,15690.000,14935.000,15580.000
2016-06-03,15580.000,15630.000,15365.000,15590.000
2016-06-06,15700.000,15890.000,15580.000,15750.000
2016-06-07,15800.000,15870.000,15630.000,15755.000
2016-06-08,15705.000,15735.000,15475.000,15625.000
2016-06-13,15890.000,16070.000,15760.000,15860.000
2016-06-14,15895.000,15980.000,15690.000,15705.000
2016-06-15,15650.000,15730.000,15555.000,15725.000
2016-06-16,15830.000,15875.000,15540.000,15595.000
2016-06-17,15590.000,15690.000,15380.000,15645.000
2016-06-20,15530.000,15665.000,15460.000,15590.000
2016-06-21,15600.000,15795.000,15550.000,15655.000
2016-06-22,15600.000,15810.000,15535.000,15770.000
2016-06-23,15810.000,15850.000,15690.000,15790.000
2016-06-24,15765.000,15820.000,15460.000,15495.000
2016-06-27,15525.000,15730.000,15500.000,15685.000
2016-06-28,15620.000,15945.000,15550.000,15900.000
2016-06-29,16010.000,16345.000,15975.000,16210.000
2016-06-30,16200.000,16520.000,16140.000,16450.000
2016-07-01,16445.000,16570.000,16300.000,16545.000
2016-07-04,16565.000,16975.000,16530.000,16755.000
2016-07-05,16740.000,16760.000,16320.000,16450.000
2016-07-06,16570.000,16620.000,16270.000,16420.000
2016-07-07,16220.000,16600.000,16130.000,16395.000
2016-07-08,16430.000,16505.000,16250.000,16465.000
2016-07-11,16580.000,16830.000,16480.000,16805.000
2016-07-12,16780.000,16860.000,16650.000,16770.000
2016-07-13,16980.000,17200.000,16860.000,16905.000
2016-07-14,16970.000,17000.000,16795.000,16990.000
2016-07-15,17000.000,17130.000,16855.000,17055.000
2016-07-18,17160.000,17250.000,16845.000,16940.000
2016-07-19,16985.000,17340.000,16945.000,17290.000
2016-07-20,17300.000,17330.000,17100.000,17205.000
2016-07-21,17075.000,17395.000,17000.000,17380.000
2016-07-22,17385.000,17555.000,17270.000,17285.000
2016-07-25,17300.000,17450.000,17135.000,17425.000
2016-07-26,17410.000,17445.000,17095.000,17165.000
2016-07-27,17165.000,17215.000,16930.000,17015.000
2016-07-28,16980.000,17025.000,16730.000,16880.000
2016-07-29,16950.000,17140.000,16895.000,16930.000
2016-08-01,17050.000,17435.000,16935.000,17430.000
2016-08-02,17405.000,17465.000,17310.000,17440.000
2016-08-03,17510.000,17605.000,17260.000,17320.000
2016-08-04,17355.000,17465.000,17210.000,17310.000
2016-08-05,17250.000,17460.000,17230.000,17435.000
2016-08-08,17430.000,17550.000,17310.000,17535.000
2016-08-09,17540.000,17565.000,17310.000,17325.000
2016-08-10,17290.000,17800.000,17270.000,17790.000
2016-08-11,17780.000,17840.000,17590.000,17655.000
2016-08-12,17650.000,17680.000,17490.000,17495.000
2016-08-15,17355.000,17440.000,17100.000,17115.000
2016-08-16,17170.000,17415.000,17150.000,17335.000
2016-08-17,17350.000,17370.000,17215.000,17250.000
2016-08-18,17300.000,17585.000,17270.000,17550.000
2016-08-19,17600.000,17605.000,17395.000,17505.000
2016-08-22,17485.000,17575.000,17380.000,17385.000
2016-08-23,17435.000,17660.000,17405.000,17565.000
2016-08-24,17555.000,17670.000,17535.000,17595.000
2016-08-25,17595.000,17645.000,17330.000,17505.000
2016-08-26,17510.000,18030.000,17500.000,17940.000
2016-08-29,18025.000,18120.000,17885.000,17965.000
2016-08-30,17965.000,17980.000,17820.000,17865.000
2016-08-31,17895.000,18130.000,17860.000,17955.000
2016-09-01,18000.000,18370.000,17965.000,18345.000
2016-09-02,18300.000,18550.000,18230.000,18515.000
2016-09-05,18555.000,18595.000,18340.000,18400.000
2016-09-06,18410.000,18460.000,18190.000,18285.000
2016-09-07,18245.000,18320.000,18100.000,18235.000
2016-09-08,18280.000,18375.000,17980.000,18045.000
2016-09-09,18020.000,18205.000,17920.000,18155.000
2016-09-12,18090.000,18145.000,17660.000,17720.000
2016-09-13,17730.000,17880.000,17640.000,17770.000
2016-09-14,17790.000,17835.000,17495.000,17570.000
2016-09-19,17550.000,17645.000,17450.000,17525.000
2016-09-20,17560.000,17945.000,17555.000,17915.000
2016-09-21,17975.000,18160.000,17905.000,17935.000
2016-09-22,17940.000,18045.000,17720.000,17910.000
2016-09-23,17980.000,18060.000,17850.000,17950.000
2016-09-26,17900.000,17915.000,17560.000,17660.000
2016-09-27,17705.000,18080.000,17655.000,18020.000
2016-09-28,18090.000,18110.000,17920.000,18040.000
2016-09-29,18020.000,18290.000,17990.000,18180.000
2016-09-30,18235.000,18330.000,18150.000,18275.000
2016-10-10,18200.000,18480.000,18040.000,18390.000
2016-10-11,18310.000,18370.000,18095.000,18170.000
2016-10-12,18020.000,18020.000,17735.000,17790.000
2016-10-13,17855.000,17975.000,17705.000,17750.000
2016-10-14,17660.000,17910.000,17520.000,17825.000
2016-10-17,17815.000,18090.000,17810.000,17990.000
2016-10-18,18050.000,18280.000,17885.000,18210.000
2016-10-19,18200.000,18295.000,18090.000,18160.000
2016-10-20,18170.000,18380.000,18020.000,18275.000
2016-10-21,18200.000,18290.000,18120.000,18200.000
2016-10-24,18100.000,18235.000,18040.000,18175.000
2016-10-25,18305.000,19045.000,18295.000,19010.000
2016-10-26,19075.000,19130.000,18720.000,18885.000
2016-10-27,18825.000,19000.000,18700.000,18875.000
2016-10-28,18935.000,19180.000,18840.000,19095.000
2016-10-31,19165.000,19385.000,19055.000,19320.000
2016-11-01,19385.000,20005.000,19310.000,19755.000
2016-11-02,19735.000,19785.000,19285.000,19380.000
2016-11-03,19370.000,19695.000,19275.000,19640.000
2016-11-04,19655.000,20015.000,19545.000,19760.000
2016-11-07,19705.000,20225.000,19570.000,20070.000
2016-11-08,19980.000,20140.000,19765.000,19865.000
2016-11-09,19865.000,20415.000,19630.000,19840.000
2016-11-10,19900.000,20965.000,19805.000,20845.000
2016-11-11,20770.000,20955.000,20470.000,20910.000
2016-11-14,20785.000,21795.000,20000.000,21275.000
2016-11-15,21230.000,22100.000,20855.000,21115.000
2016-11-16,21010.000,21780.000,20870.000,21255.000
2016-11-17,21195.000,21335.000,20245.000,20570.000
2016-11-18,20625.000,20925.000,20485.000,20890.000
2016-11-21,20985.000,21475.000,20700.000,21365.000
2016-11-22,21310.000,21880.000,21115.000,21800.000
2016-11-23,21730.000,21790.000,21385.000,21590.000
2016-11-24,21480.000,22870.000,21400.000,22570.000
2016-11-25,22535.000,23090.000,22500.000,23045.000
2016-11-28,23095.000,24410.000,23010.000,24410.000
2016-11-29,24300.000,25060.000,23490.000,23780.000
2016-11-30,24000.000,24020.000,22590.000,22590.000
2016-12-01,22685.000,23230.000,22380.000,22940.000
2016-12-02,23020.000,23205.000,22010.000,22350.000
2016-12-05,22170.000,22870.000,22070.000,22710.000
2016-12-06,22750.000,23470.000,22750.000,22905.000
2016-12-07,22925.000,23525.000,22805.000,23310.000
2016-12-08,23460.000,23735.000,22580.000,22850.000
2016-12-09,23000.000,23075.000,22160.000,22615.000
2016-12-12,22650.000,22985.000,22315.000,22370.000
2016-12-13,22520.000,22720.000,22230.000,22600.000
2016-12-14,22800.000,22845.000,21890.000,22485.000
2016-12-15,22635.000,23150.000,22310.000,22930.000
2016-12-16,22725.000,23150.000,22350.000,22615.000
2016-12-19,22440.000,22575.000,21500.000,21550.000
2016-12-20,21450.000,21535.000,20740.000,20990.000
2016-12-21,21205.000,21490.000,21125.000,21320.000
2016-12-22,21280.000,21355.000,20690.000,20830.000
2016-12-23,20770.000,21390.000,20755.000,21260.000
2016-12-26,21145.000,21255.000,19670.000,19805.000
2016-12-27,19810.000,20325.000,19730.000,20265.000
2016-12-28,20295.000,21160.000,20150.000,20650.000
2016-12-29,20790.000,21500.000,20600.000,21095.000
2016-12-30,21015.000,21135.000,20635.000,21045.000
2017-01-02,21015.000,21135.000,20635.000,0.000
2017-01-03,21210.000,21370.000,20930.000,21045.000
2017-01-04,21120.000,21290.000,20680.000,21180.000
2017-01-05,21055.000,21735.000,21055.000,21355.000
2017-01-06,21360.000,21560.000,21160.000,21215.000
2017-01-09,21210.000,21785.000,21085.000,21775.000
2017-01-10,21715.000,22735.000,21640.000,22555.000
2017-01-11,22685.000,22815.000,22350.000,22485.000
2017-01-12,22450.000,22655.000,22160.000,22430.000
2017-01-13,22510.000,22835.000,22210.000,22405.000
2017-01-16,22450.000,23160.000,22360.000,22770.000
2017-01-17,22760.000,22880.000,21765.000,22050.000
2017-01-18,22130.000,22595.000,22030.000,22395.000
2017-01-19,22380.000,22560.000,22155.000,22300.000
2017-01-20,22450.000,22595.000,21990.000,22145.000
2017-01-23,22305.000,23010.000,22140.000,22815.000
2017-01-24,22830.000,22885.000,22580.000,22760.000
2017-01-25,22900.000,23065.000,22705.000,22830.000
2017-01-26,22710.000,23425.000,22570.000,23205.000
2017-02-03,23275.000,23275.000,22385.000,22645.000
2017-02-06,22600.000,22800.000,22360.000,22420.000
2017-02-07,22430.000,22800.000,22410.000,22675.000
2017-02-08,22630.000,23150.000,22585.000,22945.000
2017-02-09,22990.000,23220.000,22915.000,22980.000
2017-02-10,23125.000,23575.000,23010.000,23415.000
2017-02-13,23615.000,24390.000,23570.000,24000.000
2017-02-14,24030.000,24105.000,23710.000,23890.000
2017-02-15,23860.000,23950.000,23335.000,23655.000
2017-02-16,23600.000,23830.000,23210.000,23340.000
2017-02-17,23200.000,23520.000,23130.000,23280.000
2017-02-20,23240.000,23270.000,22740.000,23005.000
2017-02-21,23250.000,23630.000,23240.000,23440.000
2017-02-22,23490.000,23535.000,23035.000,23170.000
2017-02-23,23280.000,23490.000,22790.000,22985.000
2017-02-24,23150.000,23170.000,22465.000,22925.000
2017-02-27,22930.000,23180.000,22620.000,22780.000
2017-02-28,22875.000,23020.000,22705.000,22860.000
2017-03-01,22900.000,23310.000,22865.000,23290.000
2017-03-02,23380.000,23435.000,23195.000,23270.000
2017-03-03,23225.000,23230.000,22530.000,22880.000
2017-03-06,22940.000,22960.000,22255.000,22295.000
2017-03-07,22300.000,22460.000,22155.000,22240.000
2017-03-08,22180.000,22240.000,21790.000,22000.000
2017-03-09,22060.000,22155.000,21515.000,21610.000
2017-03-10,21620.000,22035.000,21610.000,21950.000
2017-03-13,22075.000,22620.000,21890.000,22550.000
2017-03-14,22535.000,22750.000,22350.000,22555.000
2017-03-15,22305.000,22870.000,22105.000,22770.000
2017-03-16,22810.000,23365.000,22810.000,23360.000
2017-03-17,23400.000,23535.000,23160.000,23365.000
2017-03-20,23520.000,23930.000,23415.000,23780.000
2017-03-21,23790.000,23840.000,23370.000,23445.000
2017-03-22,23565.000,23690.000,23025.000,23255.000
2017-03-23,23305.000,23590.000,23050.000,23415.000
2017-03-24,23325.000,23425.000,22900.000,23305.000
2017-03-27,23255.000,23410.000,22640.000,22665.000
2017-03-28,22720.000,22830.000,22365.000,22570.000
2017-03-29,22715.000,23410.000,22540.000,23380.000
2017-03-30,23330.000,23630.000,23260.000,23425.000
2017-03-31,23430.000,23780.000,23105.000,23380.000
2017-04-05,22825.000,23245.000,22800.000,23115.000
2017-04-06,23200.000,23310.000,22875.000,23090.000
2017-04-07,23150.000,23155.000,22030.000,22150.000
2017-04-10,22000.000,22395.000,21825.000,22035.000
2017-04-11,22105.000,22190.000,21270.000,21325.000
2017-04-12,21420.000,21555.000,21050.000,21275.000
2017-04-13,21200.000,21820.000,21140.000,21725.000
2017-04-14,21525.000,21750.000,21320.000,21425.000
2017-04-17,21430.000,22405.000,21395.000,21860.000
2017-04-18,21940.000,21980.000,21330.000,21400.000
2017-04-19,21395.000,21430.000,20700.000,21025.000
2017-04-20,21070.000,21690.000,20875.000,21660.000
2017-04-21,21695.000,21980.000,21595.000,21860.000
2017-04-24,21700.000,21730.000,21315.000,21525.000
2017-04-25,21565.000,21660.000,21350.000,21555.000
2017-04-26,21600.000,21830.000,21335.000,21645.000
2017-04-27,21715.000,21875.000,21630.000,21750.000
2017-04-28,21760.000,21970.000,21420.000,21900.000
2017-05-02,22010.000,22570.000,22010.000,22230.000
2017-05-03,22265.000,22265.000,21810.000,21895.000
2017-05-04,21745.000,21770.000,21135.000,21380.000
2017-05-05,21315.000,21630.000,21275.000,21305.000
2017-05-08,21220.000,21490.000,20970.000,21230.000
2017-05-09,21265.000,21700.000,21160.000,21655.000
2017-05-10,21715.000,21875.000,21555.000,21690.000
2017-05-11,21745.000,21965.000,21490.000,21945.000
2017-05-12,21915.000,21940.000,21455.000,21610.000
2017-05-15,21625.000,21695.000,21300.000,21600.000
2017-05-16,21615.000,21840.000,21160.000,21310.000
2017-05-17,21310.000,21680.000,21230.000,21520.000
2017-05-18,21505.000,21630.000,21300.000,21330.000
2017-05-19,20890.000,21620.000,20790.000,21430.000
2017-05-22,21855.000,22525.000,21740.000,22195.000
2017-05-23,22290.000,22510.000,22170.000,22370.000
2017-05-24,22415.000,22575.000,22150.000,22385.000
2017-05-25,22405.000,22515.000,22165.000,22245.000
2017-05-26,22210.000,22360.000,22085.000,22315.000
2017-05-31,22240.000,22520.000,21870.000,21875.000
2017-06-01,21925.000,22050.000,21655.000,21805.000
2017-06-02,21780.000,21880.000,21645.000,21770.000
2017-06-05,21600.000,21860.000,21410.000,21430.000
2017-06-06,21300.000,21460.000,21150.000,21160.000
2017-06-07,20710.000,20920.000,20435.000,20540.000
2017-06-08,20585.000,21120.000,20450.000,21060.000
2017-06-09,21030.000,21165.000,20910.000,21075.000
2017-06-12,21305.000,21575.000,21260.000,21405.000
2017-06-13,21400.000,21425.000,20630.000,20720.000
2017-06-14,20695.000,21110.000,20680.000,21040.000
2017-06-15,21060.000,21235.000,20885.000,21135.000
2017-06-16,21075.000,21335.000,20950.000,21140.000
2017-06-19,21130.000,21310.000,20960.000,21260.000
2017-06-20,21365.000,21480.000,21285.000,21420.000
2017-06-21,21395.000,21495.000,21215.000,21450.000
2017-06-22,21670.000,22090.000,21645.000,21990.000
2017-06-23,22300.000,22335.000,22010.000,22260.000
2017-06-26,22230.000,22230.000,21915.000,22110.000
2017-06-27,22130.000,22480.000,21955.000,22455.000
2017-06-28,22420.000,22655.000,22360.000,22580.000
2017-06-29,22455.000,22790.000,22380.000,22635.000
2017-06-30,22600.000,22770.000,22355.000,22745.000
2017-07-03,22680.000,23130.000,22620.000,23070.000
2017-07-04,23020.000,23160.000,22825.000,22940.000
2017-07-05,22750.000,23075.000,22730.000,22780.000
2017-07-06,22680.000,22820.000,22540.000,22800.000
2017-07-07,22800.000,23000.000,22705.000,22925.000
2017-07-10,22865.000,23125.000,22620.000,22640.000
2017-07-11,22675.000,23080.000,22485.000,22990.000
2017-07-12,22885.000,23410.000,22880.000,23330.000
2017-07-13,23390.000,23430.000,23110.000,23325.000
2017-07-14,23310.000,23310.000,22755.000,22920.000
2017-07-17,22840.000,23410.000,22810.000,23320.000
2017-07-18,23280.000,23365.000,22850.000,22980.000
2017-07-19,22930.000,23060.000,22780.000,23030.000
2017-07-20,22890.000,22980.000,22625.000,22820.000
2017-07-21,22820.000,22905.000,22565.000,22840.000
2017-07-24,22935.000,23150.000,22700.000,22955.000
2017-07-25,22950.000,23310.000,22920.000,23250.000
2017-07-26,23300.000,23650.000,23225.000,23265.000
2017-07-27,23180.000,23385.000,23180.000,23335.000
2017-07-28,23285.000,23445.000,22935.000,23075.000
2017-07-31,23040.000,23400.000,22970.000,23360.000
2017-08-01,23290.000,23345.000,22950.000,22955.000
2017-08-02,23020.000,23195.000,22855.000,23055.000
2017-08-03,23025.000,23650.000,23005.000,23390.000
2017-08-04,23425.000,23715.000,23230.000,23570.000
2017-08-07,23420.000,23675.000,23210.000,23450.000
2017-08-08,23550.000,24110.000,23470.000,23845.000
2017-08-09,23825.000,24820.000,23815.000,24730.000
2017-08-10,24650.000,24780.000,24260.000,24280.000
2017-08-11,24280.000,24455.000,23890.000,23955.000
2017-08-14,24095.000,24215.000,23880.000,24065.000
2017-08-15,24095.000,24440.000,23980.000,24260.000
2017-08-16,24310.000,24800.000,24195.000,24745.000
2017-08-17,25000.000,25975.000,24960.000,25975.000
2017-08-18,25900.000,26330.000,25660.000,26150.000
2017-08-21,26265.000,26750.000,25830.000,26400.000
2017-08-22,26335.000,26480.000,26005.000,26310.000
2017-08-23,26355.000,26375.000,25640.000,25965.000
2017-08-24,25860.000,26295.000,25805.000,25930.000
2017-08-25,25925.000,26330.000,25820.000,26200.000
2017-08-28,26170.000,26270.000,25355.000,25830.000
2017-08-29,25790.000,25980.000,25450.000,25680.000
2017-08-30,25785.000,25980.000,25390.000,25900.000
2017-08-31,25750.000,25790.000,25520.000,25640.000
2017-09-01,25800.000,26140.000,25705.000,26015.000
2017-09-04,25955.000,26430.000,25860.000,26085.000
2017-09-05,26040.000,26220.000,25945.000,26070.000
2017-09-06,26010.000,26090.000,24820.000,25045.000
2017-09-07,25100.000,25310.000,24795.000,24860.000
2017-09-08,25030.000,25195.000,24385.000,24575.000
2017-09-11,24590.000,24985.000,24210.000,24905.000
2017-09-12,24930.000,25215.000,24740.000,25150.000
2017-09-13,24970.000,25145.000,24690.000,24825.000
2017-09-14,24760.000,24905.000,24505.000,24645.000
2017-09-15,24675.000,25080.000,24540.000,24620.000
2017-09-18,24720.000,25300.000,24290.000,25165.000
2017-09-19,25260.000,25665.000,25075.000,25425.000
2017-09-20,25415.000,25760.000,25120.000,25620.000
2017-09-21,25760.000,25820.000,25050.000,25205.000
2017-09-22,25180.000,25550.000,24445.000,24675.000
2017-09-25,25025.000,25350.000,24385.000,25175.000
2017-09-26,25235.000,25735.000,25120.000,25610.000
2017-09-27,25485.000,25980.000,25380.000,25890.000
2017-09-28,25840.000,25910.000,25340.000,25680.000
2017-09-29,25790.000,26145.000,25505.000,26070.000
2017-10-09,27140.000,27350.000,26920.000,27200.000
2017-10-10,26720.000,26790.000,26120.000,26240.000
2017-10-11,25970.000,26390.000,25825.000,26135.000
2017-10-12,26045.000,26180.000,25585.000,26070.000
2017-10-13,26120.000,26490.000,25980.000,26275.000
2017-10-16,26280.000,26420.000,25710.000,26285.000
2017-10-17,26250.000,26385.000,25420.000,25560.000
2017-10-18,25340.000,25445.000,24830.000,25295.000
2017-10-19,25435.000,25650.000,25190.000,25195.000
2017-10-20,25205.000,25675.000,25090.000,25505.000
2017-10-23,25495.000,25580.000,25050.000,25430.000
2017-10-24,25460.000,25875.000,25400.000,25745.000
2017-10-25,25845.000,25870.000,25500.000,25615.000
2017-10-26,25785.000,26150.000,25660.000,26005.000
2017-10-27,26095.000,26095.000,25500.000,25570.000
2017-10-30,25410.000,25860.000,25380.000,25825.000
2017-10-31,25835.000,26200.000,25705.000,26135.000
2017-11-01,26135.000,26825.000,25980.000,26155.000
2017-11-02,26055.000,26125.000,25785.000,25845.000
2017-11-03,25805.000,26120.000,25710.000,25935.000
2017-11-06,25835.000,26055.000,25655.000,25995.000
2017-11-07,26045.000,26110.000,25625.000,25705.000
2017-11-08,25665.000,25740.000,25285.000,25385.000
2017-11-09,25495.000,25620.000,25230.000,25495.000
2017-11-10,25450.000,25710.000,25380.000,25605.000
2017-11-13,25790.000,25920.000,25665.000,25820.000
2017-11-14,25700.000,25950.000,25640.000,25760.000
2017-11-15,25630.000,25780.000,24900.000,25010.000
2017-11-16,25100.000,25180.000,24880.000,25025.000
2017-11-17,25180.000,25245.000,24750.000,25115.000
2017-11-20,25140.000,25440.000,25045.000,25165.000
2017-11-21,25200.000,25350.000,24830.000,25160.000
2017-11-22,25275.000,25845.000,25195.000,25680.000
2017-11-23,25680.000,25755.000,25530.000,25550.000
2017-11-24,25625.000,25685.000,25410.000,25585.000
2017-11-27,25610.000,25620.000,24985.000,25020.000
2017-11-28,25055.000,25150.000,24720.000,24870.000
2017-11-29,24905.000,25035.000,24670.000,24810.000
2017-11-30,24690.000,24985.000,24585.000,24960.000
2017-12-01,25075.000,25260.000,24855.000,25185.000
2017-12-04,25315.000,25985.000,25280.000,25555.000
2017-12-05,25505.000,25520.000,25080.000,25100.000
2017-12-06,25040.000,25120.000,24345.000,24505.000
2017-12-07,24595.000,24845.000,24340.000,24495.000
2017-12-08,24550.000,24760.000,24210.000,24705.000
2017-12-11,24590.000,24980.000,24530.000,24640.000
2017-12-12,24695.000,25220.000,24580.000,24965.000
2017-12-13,25210.000,25250.000,24950.000,25190.000
2017-12-14,25215.000,25385.000,25010.000,25105.000
2017-12-15,25185.000,25390.000,25135.000,25355.000
2017-12-18,25305.000,25680.000,25255.000,25615.000
2017-12-19,25565.000,25590.000,25230.000,25285.000
2017-12-20,25305.000,25620.000,25270.000,25525.000
2017-12-21,25585.000,25745.000,25340.000,25460.000
2017-12-22,25520.000,25610.000,25360.000,25565.000
2017-12-25,25510.000,25945.000,25280.000,25300.000
2017-12-26,25290.000,25565.000,25255.000,25525.000
2017-12-27,25520.000,25615.000,25335.000,25375.000
2017-12-28,25505.000,25810.000,25405.000,25710.000
2017-12-29,25660.000,25765.000,25550.000,25725.000
2018-01-02,25820.000,26115.000,25710.000,25850.000
2018-01-03,25980.000,26000.000,25745.000,25775.000
2018-01-04,25810.000,25990.000,25670.000,25990.000
2018-01-05,26045.000,26155.000,25880.000,26105.000
2018-01-08,26070.000,26110.000,25875.000,26060.000
2018-01-09,26010.000,26430.000,25995.000,26350.000
2018-01-10,26260.000,26305.000,26015.000,26040.000
2018-01-11,26220.000,26320.000,26065.000,26255.000
2018-01-12,26330.000,26385.000,26090.000,26375.000
2018-01-15,26300.000,26480.000,26215.000,26360.000
2018-01-16,26345.000,26395.000,25945.000,26065.000
2018-01-17,26000.000,26155.000,25940.000,26055.000
2018-01-18,26090.000,26130.000,25925.000,25995.000
2018-01-19,26045.000,26135.000,25880.000,26100.000
2018-01-22,26200.000,26250.000,26050.000,26210.000
2018-01-23,26185.000,26245.000,26040.000,26215.000
2018-01-24,26135.000,26215.000,25820.000,25875.000
2018-01-25,25990.000,26415.000,25940.000,26290.000
2018-01-26,26250.000,26310.000,26115.000,26185.000
2018-01-29,26315.000,27235.000,26200.000,27055.000
2018-01-30,27065.000,27130.000,26700.000,26825.000
2018-01-31,26900.000,26915.000,26520.000,26780.000
2018-02-01,26740.000,26825.000,26630.000,26670.000
2018-02-02,26730.000,26950.000,26630.000,26850.000
2018-02-05,26780.000,26840.000,26540.000,26805.000
2018-02-06,26800.000,26995.000,26410.000,26535.000
2018-02-07,26510.000,26685.000,26435.000,26470.000
2018-02-08,26455.000,26560.000,26005.000,26270.000
2018-02-09,26330.000,26495.000,25975.000,26120.000
2018-02-12,26150.000,26180.000,25850.000,25940.000
2018-02-13,26000.000,26275.000,25875.000,26230.000
2018-02-14,26270.000,26695.000,26235.000,26650.000
2018-02-22,26930.000,26945.000,26155.000,26330.000
2018-02-23,26380.000,26710.000,26360.000,26560.000
2018-02-26,26575.000,26745.000,26380.000,26670.000
2018-02-27,26690.000,26770.000,26600.000,26660.000
2018-02-28,26580.000,26615.000,26290.000,26400.000
2018-03-01,26355.000,26480.000,26225.000,26430.000
2018-03-02,26100.000,26315.000,26060.000,26260.000
2018-03-05,26165.000,26230.000,25625.000,25650.000
2018-03-06,25450.000,25510.000,25175.000,25395.000
2018-03-07,25500.000,25590.000,25295.000,25300.000
2018-03-08,25300.000,25440.000,25100.000,25100.000
2018-03-09,25070.000,25170.000,24505.000,24615.000
2018-03-12,24720.000,25280.000,24700.000,24985.000
2018-03-13,24950.000,25220.000,24865.000,25130.000
2018-03-14,25250.000,25330.000,25065.000,25195.000
2018-03-15,25180.000,25180.000,24665.000,24860.000
2018-03-16,24850.000,24990.000,24670.000,24910.000
2018-03-19,25070.000,25100.000,24755.000,24805.000
2018-03-20,24920.000,24980.000,24600.000,24770.000
2018-03-21,24800.000,24800.000,24290.000,24405.000
2018-03-22,24520.000,25035.000,24475.000,24845.000
2018-03-23,24660.000,24845.000,24235.000,24670.000
2018-03-26,24710.000,24810.000,24320.000,24640.000
2018-03-27,24665.000,25095.000,24665.000,24950.000
2018-03-28,25010.000,25045.000,24760.000,24805.000
2018-03-29,24875.000,24960.000,24650.000,24955.000
2018-03-30,24955.000,25010.000,24670.000,24945.000
2018-04-02,24910.000,25275.000,24905.000,24970.000
2018-04-03,24960.000,24990.000,24635.000,24710.000
2018-04-04,24770.000,24820.000,24515.000,24535.000
2018-04-09,24615.000,24785.000,24180.000,24355.000
2018-04-10,24360.000,24575.000,24250.000,24500.000
2018-04-11,24600.000,24675.000,24340.000,24580.000
2018-04-12,24525.000,24570.000,23435.000,23625.000
2018-04-13,23480.000,23650.000,23250.000,23515.000
2018-04-16,23515.000,23755.000,23165.000,23690.000
2018-04-17,23720.000,23815.000,23515.000,23690.000
2018-04-18,23650.000,24030.000,23605.000,23890.000
2018-04-19,24205.000,24930.000,24205.000,24530.000
2018-04-20,24350.000,24485.000,24185.000,24395.000
2018-04-23,24480.000,24615.000,24280.000,24500.000
2018-04-24,24150.000,24590.000,24120.000,24430.000
2018-04-25,24505.000,24560.000,24145.000,24165.000
2018-04-26,24125.000,24195.000,23630.000,23685.000
2018-04-27,23660.000,23985.000,23650.000,23950.000
2018-05-02,23790.000,24045.000,23605.000,23900.000
2018-05-03,23770.000,23840.000,23595.000,23730.000
2018-05-04,23505.000,23535.000,23005.000,23165.000
2018-05-07,23050.000,23835.000,23010.000,23830.000
2018-05-08,23840.000,23950.000,23720.000,23815.000
2018-05-09,23675.000,23865.000,23495.000,23700.000
2018-05-10,23780.000,23890.000,23670.000,23740.000
2018-05-11,23830.000,23880.000,23585.000,23695.000
2018-05-14,23745.000,23820.000,23515.000,23555.000
2018-05-15,23480.000,23795.000,23450.000,23780.000
2018-05-16,23695.000,23980.000,23630.000,23780.000
2018-05-17,23745.000,23930.000,23530.000,23570.000
2018-05-18,23590.000,23820.000,23560.000,23725.000
2018-05-21,23705.000,24080.000,23645.000,23955.000
2018-05-22,24005.000,24045.000,23580.000,23585.000
2018-05-23,23630.000,23730.000,23505.000,23605.000
2018-05-24,23535.000,23580.000,23285.000,23435.000
2018-05-25,23385.000,23700.000,23350.000,23690.000
2018-05-28,23685.000,23920.000,23540.000,23900.000
2018-05-29,23905.000,24180.000,23825.000,24110.000
2018-05-30,24060.000,24240.000,23885.000,23960.000
2018-05-31,24075.000,24465.000,24050.000,24420.000
2018-06-01,24255.000,24390.000,24155.000,24260.000
2018-06-04,24295.000,24370.000,24025.000,24105.000
2018-06-05,24150.000,24310.000,24015.000,24285.000
2018-06-06,24480.000,24780.000,24400.000,24635.000
2018-06-07,24680.000,24690.000,24420.000,24455.000
2018-06-08,24350.000,24415.000,24055.000,24260.000
2018-06-11,24300.000,24510.000,24255.000,24445.000
2018-06-12,24410.000,24550.000,24335.000,24550.000
2018-06-13,24510.000,24585.000,24160.000,24270.000
2018-06-14,24340.000,24455.000,24245.000,24300.000
2018-06-15,24230.000,24270.000,23955.000,24095.000
2018-06-19,23800.000,23815.000,23440.000,23545.000
2018-06-20,23390.000,23580.000,23335.000,23505.000
2018-06-21,23475.000,23575.000,23200.000,23315.000
2018-06-22,23240.000,23425.000,22575.000,23085.000
2018-06-25,23030.000,23160.000,22540.000,22545.000
2018-06-26,22600.000,22760.000,22380.000,22645.000
2018-06-27,22665.000,22990.000,22605.000,22915.000
2018-06-28,22900.000,23500.000,22895.000,23110.000
2018-06-29,23130.000,23335.000,23050.000,23305.000
2018-07-02,23255.000,23275.000,22885.000,23060.000
2018-07-03,23130.000,23250.000,22965.000,23200.000
2018-07-04,23100.000,23140.000,22310.000,22370.000
2018-07-05,22345.000,22390.000,21670.000,21750.000
2018-07-06,21700.000,22000.000,21605.000,21880.000
2018-07-09,21925.000,22275.000,21865.000,21995.000
2018-07-10,21790.000,21950.000,21555.000,21615.000
2018-07-11,21475.000,21595.000,20450.000,20545.000
2018-07-12,20655.000,21100.000,20580.000,20970.000
2018-07-13,20960.000,21045.000,20550.000,20595.000
2018-07-16,20680.000,21025.000,20280.000,20345.000
2018-07-17,20310.000,20440.000,20055.000,20230.000
2018-07-18,20300.000,20765.000,20195.000,20725.000
2018-07-19,20800.000,21645.000,20770.000,21125.000
2018-07-20,20930.000,21310.000,20810.000,21240.000
2018-07-23,21240.000,21580.000,21120.000,21475.000
2018-07-24,21440.000,21510.000,21125.000,21315.000
2018-07-25,21485.000,21750.000,21385.000,21445.000
2018-07-26,21450.000,21540.000,21190.000,21380.000
2018-07-27,21280.000,21470.000,21245.000,21325.000
2018-07-30,21250.000,21555.000,20920.000,20940.000
2018-07-31,21040.000,21515.000,20985.000,21405.000
2018-08-01,21445.000,21725.000,21280.000,21485.000
2018-08-02,21400.000,21495.000,21080.000,21455.000
2018-08-03,21470.000,21530.000,21360.000,21475.000
2018-08-06,21595.000,21890.000,21410.000,21480.000
2018-08-07,21245.000,21525.000,21155.000,21390.000
2018-08-08,21440.000,21625.000,21295.000,21525.000
2018-08-09,21555.000,21685.000,21455.000,21595.000
2018-08-10,21700.000,21810.000,21240.000,21285.000
2018-08-13,21300.000,21380.000,21055.000,21240.000
2018-08-14,21195.000,21225.000,20760.000,20820.000
2018-08-15,20790.000,20860.000,20330.000,20500.000
2018-08-16,20235.000,20425.000,19525.000,19860.000
2018-08-17,19885.000,20135.000,19550.000,19680.000
2018-08-20,19800.000,20265.000,19760.000,20105.000
2018-08-21,20050.000,20600.000,19970.000,20580.000
2018-08-22,20550.000,20620.000,20170.000,20355.000
2018-08-23,20500.000,20780.000,20410.000,20610.000
2018-08-24,20685.000,21325.000,20520.000,21070.000
2018-08-27,21170.000,21400.000,21130.000,21305.000
2018-08-28,21270.000,21505.000,21085.000,21495.000
2018-08-29,21415.000,21440.000,21010.000,21095.000
2018-08-30,21120.000,21375.000,21085.000,21310.000
2018-08-31,21200.000,21645.000,20980.000,21565.000
2018-09-03,21595.000,21810.000,20830.000,21195.000
2018-09-04,21220.000,21285.000,21030.000,21135.000
2018-09-05,21055.000,21145.000,20585.000,20715.000
2018-09-06,20325.000,20770.000,20305.000,20645.000
2018-09-07,20700.000,20885.000,20450.000,20605.000
2018-09-10,20590.000,20850.000,20520.000,20750.000
2018-09-11,20850.000,20960.000,20350.000,20510.000
2018-09-12,20300.000,20530.000,20130.000,20425.000
2018-09-13,20520.000,20890.000,20390.000,20860.000
2018-09-14,20860.000,20915.000,20585.000,20735.000
2018-09-17,20710.000,20810.000,20330.000,20440.000
2018-09-18,20495.000,21055.000,20470.000,21045.000
2018-09-19,21080.000,21655.000,20970.000,21585.000
2018-09-20,21610.000,21820.000,21415.000,21720.000
2018-09-21,21700.000,21760.000,21520.000,21570.000
2018-09-25,21740.000,21825.000,21470.000,21725.000
2018-09-26,21795.000,21980.000,21375.000,21560.000
2018-09-27,21620.000,21720.000,21485.000,21570.000
2018-09-28,21585.000,22020.000,21200.000,21915.000
2018-10-08,22055.000,22235.000,21815.000,21930.000
2018-10-09,22040.000,22800.000,21970.000,22620.000
2018-10-10,22660.000,23110.000,22530.000,22935.000
2018-10-11,22900.000,22975.000,22450.000,22615.000
2018-10-12,22705.000,22935.000,22465.000,22850.000
2018-10-15,22810.000,22940.000,22480.000,22555.000
2018-10-16,22630.000,22655.000,22085.000,22240.000
2018-10-17,22250.000,22405.000,22160.000,22385.000
2018-10-18,22380.000,22780.000,22340.000,22460.000
2018-10-19,22120.000,22240.000,21945.000,22140.000
2018-10-22,22070.000,22100.000,21690.000,22035.000
2018-10-23,22075.000,22140.000,21830.000,21890.000
2018-10-24,21890.000,22575.000,21805.000,22540.000
2018-10-25,22500.000,22520.000,22090.000,22165.000
2018-10-26,22170.000,22270.000,21900.000,21980.000
2018-10-29,22000.000,22425.000,21995.000,22030.000
2018-10-30,22110.000,22255.000,21675.000,21800.000
2018-10-31,21755.000,21780.000,21470.000,21740.000
2018-11-01,21635.000,21710.000,21305.000,21525.000
2018-11-02,21155.000,21500.000,20985.000,21465.000
2018-11-05,21445.000,21480.000,20925.000,20940.000
2018-11-06,20865.000,21320.000,20735.000,21210.000
2018-11-07,21210.000,21240.000,20565.000,20760.000
2018-11-08,20725.000,20870.000,20500.000,20780.000
2018-11-09,20785.000,21085.000,20620.000,20930.000
2018-11-12,20950.000,21180.000,20715.000,20930.000
2018-11-13,20900.000,21110.000,20770.000,21010.000
2018-11-14,21025.000,21235.000,20680.000,20765.000
2018-11-15,20785.000,21360.000,20630.000,21340.000
2018-11-16,21420.000,21645.000,21280.000,21515.000
2018-11-19,21450.000,21710.000,21440.000,21575.000
2018-11-20,21550.000,21650.000,21340.000,21485.000
2018-11-21,21440.000,21465.000,20820.000,21140.000
2018-11-22,21190.000,21220.000,20980.000,21025.000
2018-11-23,21055.000,21270.000,20810.000,20890.000
2018-11-26,20830.000,20850.000,20330.000,20600.000
2018-11-27,20525.000,20545.000,19930.000,20055.000
2018-11-28,20085.000,20285.000,19845.000,20225.000
2018-11-29,20200.000,20400.000,20030.000,20275.000
2018-11-30,20280.000,20695.000,20240.000,20685.000
2018-12-03,20380.000,21275.000,20225.000,20820.000
2018-12-04,20850.000,20980.000,20670.000,20900.000
2018-12-05,21000.000,21070.000,20680.000,20975.000
2018-12-06,20945.000,21125.000,20815.000,20920.000
2018-12-07,20800.000,21465.000,20735.000,21440.000
2018-12-10,21400.000,21430.000,20850.000,20915.000
2018-12-11,20975.000,21070.000,20840.000,20995.000
2018-12-12,21070.000,21320.000,20960.000,20980.000
2018-12-13,21000.000,21125.000,20870.000,20975.000
2018-12-14,20940.000,21075.000,20630.000,20665.000
2018-12-17,20540.000,21155.000,20520.000,21145.000
2018-12-18,20980.000,21220.000,20970.000,21030.000
2018-12-19,20990.000,21045.000,20770.000,20960.000
2018-12-20,21000.000,21155.000,20850.000,20945.000
2018-12-21,21000.000,21210.000,20965.000,21095.000
2018-12-24,21040.000,21095.000,20600.000,20630.000
2018-12-25,20590.000,20740.000,20355.000,20640.000
2018-12-26,20640.000,20750.000,20550.000,20715.000
2018-12-27,20800.000,21125.000,20655.000,20735.000
2018-12-28,20700.000,20935.000,20550.000,20925.000
2019-01-02,20780.000,20815.000,20410.000,20440.000
2019-01-03,20265.000,20545.000,20220.000,20325.000
2019-01-04,20350.000,20515.000,19965.000,20490.000
2019-01-07,20220.000,20335.000,20035.000,20250.000
2019-01-08,20210.000,20435.000,20190.000,20365.000
2019-01-09,20380.000,20675.000,20290.000,20600.000
2019-01-10,20580.000,20600.000,20375.000,20415.000
2019-01-11,20310.000,20460.000,20120.000,20400.000
2019-01-14,20355.000,20500.000,20245.000,20285.000
2019-01-15,20280.000,20540.000,20125.000,20515.000
2019-01-16,20495.000,20890.000,20420.000,20860.000
2019-01-17,20880.000,20960.000,20745.000,20885.000
2019-01-18,20860.000,21495.000,20780.000,21480.000
2019-01-21,21520.000,21750.000,21360.000,21420.000
2019-01-22,21360.000,21585.000,21230.000,21300.000
2019-01-23,21415.000,21675.000,21325.000,21595.000
2019-01-24,21600.000,21755.000,21410.000,21480.000
2019-01-25,21520.000,21775.000,21475.000,21525.000
2019-01-28,21585.000,21915.000,21505.000,21810.000
2019-01-29,21870.000,21880.000,21525.000,21685.000
2019-01-30,21735.000,21880.000,21600.000,21715.000
2019-01-31,21730.000,22260.000,21650.000,22180.000
2019-02-01,22180.000,22460.000,22115.000,22395.000
2019-02-11,22300.000,22305.000,21580.000,21610.000
2019-02-12,21625.000,21705.000,21535.000,21620.000
2019-02-13,21645.000,21690.000,21315.000,21440.000
2019-02-14,21460.000,21570.000,21355.000,21490.000
2019-02-15,21470.000,21545.000,21180.000,21400.000
2019-02-18,21400.000,21680.000,21360.000,21425.000
2019-02-19,21360.000,21550.000,21325.000,21435.000
2019-02-20,21465.000,21645.000,21355.000,21630.000
2019-02-21,21660.000,21760.000,21425.000,21450.000
2019-02-22,21465.000,21725.000,21415.000,21680.000
2019-02-25,21770.000,22065.000,21665.000,21865.000
2019-02-26,21840.000,21930.000,21660.000,21705.000
2019-02-27,21750.000,21920.000,21700.000,21830.000
2019-02-28,21880.000,21910.000,21685.000,21745.000
2019-03-01,21830.000,22300.000,21820.000,22300.000
2019-03-04,22305.000,22350.000,22045.000,22125.000
2019-03-05,22040.000,22100.000,21820.000,21910.000
2019-03-06,21960.000,22140.000,21910.000,21955.000
2019-03-07,21650.000,21830.000,21535.000,21540.000
2019-03-08,21575.000,21590.000,21175.000,21190.000
2019-03-11,21170.000,21565.000,21035.000,21540.000
2019-03-12,21525.000,21625.000,21310.000,21595.000
2019-03-13,21705.000,21980.000,21700.000,21875.000
2019-03-14,21845.000,22025.000,21730.000,21930.000
2019-03-15,21870.000,22170.000,21540.000,21655.000
2019-03-18,21655.000,21710.000,21465.000,21595.000
2019-03-19,21635.000,21705.000,21440.000,21660.000
2019-03-20,21710.000,21860.000,21645.000,21860.000
2019-03-21,21905.000,22035.000,21850.000,21895.000
2019-03-22,21865.000,22000.000,21720.000,21995.000
2019-03-25,21925.000,21985.000,21675.000,21695.000
2019-03-26,21730.000,22250.000,21715.000,22225.000
2019-03-27,22230.000,22450.000,22165.000,22210.000
2019-03-28,22235.000,22640.000,22185.000,22570.000
2019-03-29,22570.000,22745.000,22410.000,22730.000
2019-04-01,22835.000,23160.000,22730.000,23135.000
2019-04-02,23105.000,23105.000,22660.000,22815.000
2019-04-03,22780.000,22965.000,22565.000,22905.000
2019-04-04,22895.000,23275.000,22830.000,23095.000
2019-04-08,23160.000,23280.000,22835.000,22850.000
2019-04-09,22870.000,23060.000,22540.000,22740.000
2019-04-10,22695.000,22740.000,22505.000,22585.000
2019-04-11,22320.000,22555.000,22250.000,22395.000
2019-04-12,22460.000,22525.000,22185.000,22335.000
2019-04-15,22465.000,22635.000,22380.000,22500.000
2019-04-16,22420.000,22440.000,22080.000,22095.000
2019-04-17,21940.000,21995.000,21715.000,21785.000
2019-04-18,21875.000,21920.000,21490.000,21535.000
2019-04-19,21485.000,21670.000,21420.000,21640.000
2019-04-22,21650.000,21815.000,21535.000,21655.000
2019-04-23,21660.000,21775.000,21585.000,21680.000
2019-04-24,21620.000,21625.000,21260.000,21270.000
2019-04-25,21380.000,21560.000,21330.000,21510.000
2019-04-26,21450.000,21795.000,21400.000,21720.000
2019-04-29,21750.000,21765.000,21535.000,21720.000
2019-04-30,21665.000,21910.000,21615.000,21845.000
2019-05-06,21525.000,21780.000,21440.000,21500.000
2019-05-07,21510.000,21720.000,21445.000,21620.000
2019-05-08,21290.000,21300.000,20940.000,20970.000
2019-05-09,20850.000,20925.000,20765.000,20840.000
2019-05-10,20740.000,21080.000,20720.000,20830.000
2019-05-13,20815.000,20920.000,20750.000,20830.000
2019-05-14,20750.000,20775.000,20490.000,20690.000
2019-05-15,20680.000,20995.000,20680.000,20965.000
2019-05-16,20910.000,21165.000,20895.000,21085.000
2019-05-17,21090.000,21160.000,20835.000,20870.000
2019-05-20,20910.000,21070.000,20550.000,20615.000
2019-05-21,20580.000,20755.000,20515.000,20670.000
2019-05-22,20640.000,20775.000,20415.000,20455.000
2019-05-23,20500.000,20600.000,20260.000,20270.000
2019-05-24,20225.000,20590.000,20000.000,20435.000
2019-05-27,20390.000,20415.000,20185.000,20360.000
2019-05-28,20440.000,20795.000,20410.000,20665.000
2019-05-29,20690.000,20790.000,20520.000,20575.000
2019-05-30,20580.000,20810.000,20565.000,20725.000
2019-05-31,20695.000,20860.000,20525.000,20545.000
2019-06-03,20490.000,20680.000,20460.000,20480.000
2019-06-04,20410.000,20515.000,20080.000,20305.000
2019-06-05,20360.000,20395.000,20210.000,20275.000
2019-06-06,20255.000,20750.000,20220.000,20690.000
2019-06-10,20680.000,20825.000,20505.000,20660.000
2019-06-11,20175.000,20510.000,20110.000,20445.000
2019-06-12,20545.000,20580.000,20195.000,20245.000
2019-06-13,20290.000,20415.000,20160.000,20285.000
2019-06-14,20250.000,20325.000,19990.000,20100.000
2019-06-17,20045.000,20105.000,19880.000,19900.000
2019-06-18,19835.000,20135.000,19740.000,19930.000
2019-06-19,19965.000,20245.000,19870.000,19945.000
2019-06-20,19920.000,19985.000,19660.000,19865.000
2019-06-21,19850.000,19915.000,19405.000,19450.000
2019-06-24,19420.000,19645.000,19305.000,19585.000
2019-06-25,19665.000,19950.000,19650.000,19935.000
2019-06-26,20000.000,20180.000,19980.000,20085.000
2019-06-27,20035.000,20120.000,19865.000,19935.000
2019-06-28,19820.000,19980.000,19745.000,19775.000
2019-07-01,19855.000,20095.000,19800.000,19860.000
2019-07-02,19800.000,19810.000,19525.000,19615.000
2019-07-03,19590.000,19775.000,19540.000,19650.000
2019-07-04,19675.000,19745.000,19585.000,19665.000
2019-07-05,19435.000,19435.000,19245.000,19295.000
2019-07-08,19200.000,19405.000,19085.000,19135.000
2019-07-09,19135.000,19200.000,19000.000,19005.000
2019-07-10,19050.000,19205.000,18925.000,19180.000
2019-07-11,19200.000,19290.000,19005.000,19060.000
2019-07-12,19065.000,19195.000,18960.000,19045.000
2019-07-15,19105.000,19320.000,19090.000,19220.000
2019-07-16,19235.000,19380.000,19165.000,19250.000
2019-07-17,19355.000,19550.000,19315.000,19355.000
2019-07-18,19430.000,19645.000,19340.000,19600.000
2019-07-19,19595.000,19660.000,19355.000,19575.000
2019-07-22,19445.000,19490.000,19180.000,19235.000
2019-07-23,19225.000,19350.000,19200.000,19285.000
2019-07-24,19230.000,19395.000,19135.000,19350.000
2019-07-25,19400.000,19415.000,19245.000,19270.000
2019-07-26,19255.000,19345.000,19140.000,19250.000
2019-07-29,19205.000,19545.000,19200.000,19495.000
2019-07-30,19525.000,19785.000,19460.000,19690.000
2019-07-31,19610.000,19660.000,19370.000,19385.000
2019-08-01,19335.000,19460.000,19235.000,19265.000
2019-08-02,19215.000,19290.000,19130.000,19275.000
2019-08-05,19070.000,19375.000,19055.000,19365.000
2019-08-06,19260.000,19310.000,19150.000,19265.000
2019-08-07,19250.000,19250.000,18850.000,18850.000
2019-08-08,18700.000,18850.000,18600.000,18665.000
2019-08-09,18710.000,18835.000,18375.000,18550.000
2019-08-12,18525.000,18725.000,18330.000,18675.000
2019-08-13,18620.000,18760.000,18600.000,18725.000
2019-08-14,18720.000,18940.000,18640.000,18730.000
2019-08-15,18580.000,18690.000,18550.000,18670.000
2019-08-16,18660.000,18760.000,18560.000,18640.000
2019-08-19,18660.000,18760.000,18505.000,18540.000
2019-08-20,18520.000,18730.000,18505.000,18610.000
2019-08-21,18600.000,18605.000,18390.000,18470.000
2019-08-22,18530.000,18725.000,18530.000,18625.000
2019-08-23,18615.000,18670.000,18430.000,18665.000
2019-08-26,18555.000,18645.000,18270.000,18350.000
2019-08-27,18380.000,18750.000,18380.000,18720.000
2019-08-28,18815.000,18915.000,18690.000,18835.000
2019-08-29,18800.000,18860.000,18660.000,18805.000
2019-08-30,18805.000,18840.000,18700.000,18745.000
2019-09-02,18720.000,18900.000,18560.000,18640.000
2019-09-03,18615.000,18805.000,18595.000,18680.000
2019-09-04,18530.000,18790.000,18490.000,18785.000
2019-09-05,18915.000,19175.000,18890.000,19050.000
2019-09-06,19170.000,19225.000,19005.000,19025.000
2019-09-09,18960.000,19105.000,18895.000,19100.000
2019-09-10,19035.000,19120.000,18965.000,19025.000
2019-09-11,18980.000,19305.000,18925.000,19265.000
2019-09-12,19315.000,19375.000,19155.000,19245.000
2019-09-16,19385.000,19395.000,19230.000,19280.000
2019-09-17,19260.000,19295.000,19060.000,19110.000
2019-09-18,19100.000,19210.000,19055.000,19125.000
2019-09-19,19010.000,19090.000,18930.000,18950.000
2019-09-20,18950.000,19045.000,18830.000,18905.000
2019-09-23,18900.000,18930.000,18805.000,18850.000
2019-09-24,18890.000,19045.000,18750.000,18800.000
2019-09-25,18740.000,18790.000,18570.000,18660.000
2019-09-26,18625.000,18720.000,18585.000,18615.000
2019-09-27,18715.000,18795.000,18535.000,18745.000
2019-09-30,18720.000,18820.000,18650.000,18695.000
2019-10-08,18665.000,18795.000,18630.000,18700.000
2019-10-09,18625.000,18765.000,18620.000,18660.000
2019-10-10,18705.000,18900.000,18635.000,18850.000
2019-10-11,19030.000,19040.000,18920.000,18975.000
2019-10-14,19045.000,19175.000,18920.000,18925.000
2019-10-15,18955.000,19090.000,18890.000,19070.000
2019-10-16,19100.000,19110.000,18875.000,18915.000
2019-10-17,18880.000,18960.000,18705.000,18735.000
2019-10-18,18800.000,18890.000,18760.000,18860.000
2019-10-21,19005.000,19080.000,18885.000,18925.000
2019-10-22,18990.000,18990.000,18865.000,18930.000
2019-10-23,18965.000,19065.000,18760.000,18800.000
2019-10-24,18835.000,18900.000,18805.000,18880.000
2019-10-25,18910.000,18990.000,18655.000,18675.000
2019-10-28,18705.000,19165.000,18690.000,19110.000
2019-10-29,19150.000,19225.000,19060.000,19110.000
2019-10-30,19130.000,19170.000,19040.000,19105.000
2019-10-31,19050.000,19065.000,18900.000,18995.000
2019-11-01,18975.000,19010.000,18840.000,18955.000
2019-11-04,18955.000,19095.000,18905.000,19085.000
2019-11-05,19035.000,19095.000,18910.000,18915.000
2019-11-06,18935.000,19160.000,18725.000,18740.000
2019-11-07,18760.000,18765.000,18575.000,18670.000
2019-11-08,18770.000,18795.000,18585.000,18590.000
2019-11-11,18600.000,18695.000,18510.000,18575.000
2019-11-12,18640.000,18805.000,18595.000,18805.000
2019-11-13,18700.000,18735.000,18465.000,18540.000
2019-11-14,18470.000,18520.000,18225.000,18395.000
2019-11-15,18340.000,18430.000,18285.000,18340.000
2019-11-18,18330.000,18415.000,18200.000,18390.000
2019-11-19,18315.000,18345.000,18120.000,18305.000
2019-11-20,18250.000,18400.000,18230.000,18340.000
2019-11-21,18305.000,18365.000,17915.000,18060.000
2019-11-22,18010.000,18160.000,17965.000,17970.000
2019-11-25,17950.000,18120.000,17885.000,18035.000
2019-11-26,18010.000,18080.000,17900.000,17975.000
2019-11-27,17945.000,18090.000,17830.000,18075.000
2019-11-28,18060.000,18105.000,17960.000,18040.000
2019-11-29,17995.000,18070.000,17890.000,18040.000
2019-12-02,17940.000,18015.000,17675.000,17785.000
2019-12-03,17775.000,17870.000,17680.000,17815.000
2019-12-04,17740.000,17850.000,17675.000,17840.000
2019-12-05,17730.000,17875.000,17705.000,17820.000
2019-12-06,17795.000,17945.000,17780.000,17860.000
2019-12-09,17840.000,17995.000,17810.000,17900.000
2019-12-10,17845.000,17950.000,17725.000,17925.000
2019-12-11,17870.000,17940.000,17800.000,17850.000
2019-12-12,17830.000,18095.000,17830.000,18055.000
2019-12-13,18000.000,18155.000,17970.000,18100.000
2019-12-16,18080.000,18225.000,17930.000,18025.000
2019-12-17,18050.000,18150.000,18005.000,18040.000
2019-12-18,18065.000,18105.000,17920.000,17960.000
2019-12-19,18035.000,18070.000,17925.000,18070.000
2019-12-20,18060.000,18195.000,18050.000,18110.000
2019-12-23,18180.000,18235.000,17980.000,18000.000
2019-12-24,17940.000,17985.000,17835.000,17915.000
2019-12-25,17850.000,17960.000,17845.000,17945.000
2019-12-26,17960.000,17980.000,17800.000,17840.000
2019-12-27,17835.000,17960.000,17825.000,17960.000
2019-12-30,17985.000,18115.000,17970.000,18105.000
2019-12-31,18085.000,18100.000,17940.000,17950.000
2020-01-02,17900.000,18000.000,17855.000,17880.000
2020-01-03,17945.000,17985.000,17730.000,17755.000
2020-01-06,17685.000,18140.000,17610.000,18110.000
2020-01-07,18080.000,18185.000,18010.000,18175.000
2020-01-08,18200.000,18475.000,18185.000,18365.000
2020-01-09,18470.000,18555.000,18295.000,18345.000
2020-01-10,18420.000,18435.000,18210.000,18340.000
2020-01-13,18365.000,18365.000,18185.000,18260.000
2020-01-14,18230.000,18345.000,18020.000,18185.000
2020-01-15,18135.000,18245.000,18095.000,18235.000
2020-01-16,18235.000,18350.000,18100.000,18285.000
2020-01-17,18405.000,18465.000,18270.000,18360.000
2020-01-20,18400.000,18480.000,18325.000,18420.000
2020-01-21,18425.000,18490.000,18135.000,18200.000
2020-01-22,18285.000,18375.000,18175.000,18315.000
2020-01-23,18305.000,18320.000,18085.000,18160.000
2020-02-03,17200.000,17475.000,17160.000,17300.000
2020-02-04,16915.000,17380.000,16915.000,17340.000
2020-02-05,17230.000,17350.000,17230.000,17280.000
2020-02-06,17360.000,17400.000,17315.000,17335.000
2020-02-07,17280.000,17365.000,17270.000,17295.000
2020-02-10,17115.000,17210.000,17115.000,17155.000
2020-02-11,17140.000,17170.000,17100.000,17125.000
2020-02-12,17130.000,17175.000,16975.000,17080.000
2020-02-13,17060.000,17180.000,17040.000,17120.000
2020-02-14,17155.000,17235.000,17140.000,17225.000
2020-02-17,17145.000,17265.000,17130.000,17260.000
2020-02-18,17265.000,17270.000,17150.000,17190.000
2020-02-19,17185.000,17195.000,17135.000,17170.000
2020-02-20,17165.000,17210.000,17100.000,17180.000
2020-02-21,17105.000,17145.000,17020.000,17030.000
2020-02-24,16980.000,16995.000,16570.000,16595.000
2020-02-25,16550.000,16650.000,16440.000,16560.000
2020-02-26,16445.000,16520.000,16370.000,16455.000
2020-02-27,16450.000,16540.000,16450.000,16460.000
2020-02-28,16370.000,16370.000,15675.000,15860.000
2020-03-02,15995.000,16225.000,15945.000,16160.000
2020-03-03,16270.000,16305.000,16205.000,16255.000
2020-03-04,16130.000,16130.000,15905.000,16050.000
2020-03-05,15995.000,16165.000,15975.000,16095.000
2020-03-06,16065.000,16130.000,15990.000,16055.000
2020-03-09,15705.000,15730.000,15235.000,15565.000
2020-03-10,15755.000,16115.000,15755.000,16025.000
2020-03-11,16005.000,16160.000,15980.000,16010.000
2020-03-12,15880.000,16015.000,15795.000,15835.000
2020-03-13,15635.000,15940.000,15505.000,15805.000
2020-03-16,15685.000,15865.000,15525.000,15540.000
2020-03-17,15620.000,15750.000,15555.000,15660.000
2020-03-18,15300.000,15530.000,14710.000,14880.000
2020-03-19,15090.000,15090.000,14245.000,14420.000
2020-03-20,14770.000,15125.000,14585.000,15055.000
2020-03-23,14480.000,14745.000,14250.000,14630.000
2020-03-24,14900.000,15015.000,14610.000,14895.000
2020-03-25,14990.000,14995.000,14715.000,14905.000
2020-03-26,14920.000,15150.000,14825.000,14860.000
2020-03-27,15050.000,15390.000,14985.000,15385.000
2020-03-30,15225.000,15230.000,14955.000,15080.000
2020-03-31,15230.000,15240.000,15135.000,15175.000
2020-04-01,15230.000,15350.000,15075.000,15140.000
2020-04-02,15185.000,15520.000,14935.000,15415.000
2020-04-03,15370.000,15505.000,15280.000,15495.000
2020-04-07,15585.000,15880.000,15585.000,15815.000
2020-04-08,15710.000,15760.000,15630.000,15650.000
2020-04-09,15700.000,15790.000,15540.000,15555.000
2020-04-10,15550.000,15735.000,15450.000,15660.000
2020-04-13,15660.000,15805.000,15610.000,15735.000
2020-04-14,15675.000,15980.000,15675.000,15900.000
2020-04-15,15880.000,16000.000,15775.000,15805.000
2020-04-16,15835.000,16035.000,15765.000,15970.000
2020-04-17,16075.000,16195.000,16025.000,16130.000
2020-04-20,16140.000,16240.000,15975.000,16130.000
2020-04-21,16015.000,16040.000,15535.000,15635.000
2020-04-22,15625.000,15885.000,15585.000,15860.000
2020-04-23,15805.000,15915.000,15745.000,15795.000
2020-04-24,15670.000,15900.000,15625.000,15825.000
2020-04-27,15900.000,16235.000,15900.000,16090.000
2020-04-28,16045.000,16160.000,15970.000,16125.000
2020-04-29,16245.000,16415.000,16200.000,16365.000
2020-04-30,16355.000,16365.000,16215.000,16320.000
2020-05-06,16225.000,16515.000,16225.000,16385.000
2020-05-07,16425.000,16700.000,16405.000,16615.000
2020-05-08,16700.000,17015.000,16660.000,16940.000
2020-05-11,16925.000,16950.000,16815.000,16830.000
2020-05-12,16830.000,16985.000,16800.000,16815.000
2020-05-13,16820.000,16885.000,16440.000,16615.000
2020-05-14,16630.000,16635.000,16325.000,16430.000
2020-05-15,16365.000,16515.000,16245.000,16465.000
2020-05-18,16415.000,16735.000,16365.000,16595.000
2020-05-19,16725.000,16965.000,16685.000,16750.000
2020-05-20,16775.000,16880.000,16725.000,16750.000
2020-05-21,16770.000,16780.000,16405.000,16495.000
2020-05-22,16480.000,16545.000,16165.000,16395.000
2020-05-25,16390.000,16515.000,16170.000,16330.000
2020-05-26,16370.000,16470.000,16220.000,16285.000
2020-05-27,16320.000,16450.000,16065.000,16075.000
2020-05-28,16100.000,16260.000,15980.000,16180.000
2020-05-29,16170.000,16475.000,16125.000,16400.000
2020-06-01,16535.000,16665.000,16400.000,16515.000
2020-06-02,16515.000,16680.000,16470.000,16620.000
2020-06-03,16650.000,16795.000,16470.000,16590.000
2020-06-04,16680.000,16710.000,16515.000,16530.000
2020-06-05,16530.000,16710.000,16485.000,16635.000
2020-06-08,16730.000,16805.000,16250.000,16505.000
2020-06-09,16535.000,16725.000,16460.000,16505.000
2020-06-10,16485.000,16560.000,16350.000,16420.000
2020-06-11,16440.000,16875.000,16335.000,16395.000
2020-06-12,16345.000,16505.000,16215.000,16455.000
2020-06-15,16470.000,16515.000,16230.000,16285.000
2020-06-16,16285.000,16580.000,16265.000,16540.000
2020-06-17,16560.000,16765.000,16445.000,16750.000
2020-06-18,16670.000,16795.000,16545.000,16625.000
2020-06-19,16700.000,16965.000,16680.000,16935.000
2020-06-22,17000.000,17015.000,16760.000,16825.000
2020-06-23,16880.000,17055.000,16730.000,16790.000
2020-06-24,16780.000,16835.000,16655.000,16740.000
2020-06-29,16685.000,16765.000,16580.000,16625.000
2020-06-30,16700.000,16900.000,16655.000,16835.000
2020-07-01,16835.000,16885.000,16660.000,16685.000
2020-07-02,16645.000,16815.000,16585.000,16775.000
2020-07-03,16765.000,16780.000,16670.000,16745.000
2020-07-06,16695.000,16820.000,16615.000,16820.000
2020-07-07,16820.000,16855.000,16635.000,16705.000
2020-07-08,16745.000,17115.000,16690.000,17090.000
2020-07-09,17160.000,17650.000,17115.000,17540.000
2020-07-10,17545.000,17755.000,17375.000,17555.000
2020-07-13,17625.000,18195.000,17625.000,18030.000
2020-07-14,18070.000,18430.000,17790.000,17930.000
2020-07-15,17840.000,17995.000,17735.000,17855.000
2020-07-16,17885.000,17950.000,17500.000,17675.000
2020-07-17,17725.000,17970.000,17705.000,17860.000
2020-07-20,17850.000,17850.000,17515.000,17655.000
2020-07-21,17660.000,17960.000,17660.000,17840.000
2020-07-22,17910.000,18330.000,17910.000,18025.000
2020-07-23,17930.000,18070.000,17575.000,18065.000
2020-07-24,17970.000,18300.000,17740.000,17910.000
2020-07-27,17945.000,18220.000,17910.000,18130.000
2020-07-28,18060.000,18530.000,17890.000,17980.000
2020-07-29,18030.000,18720.000,18015.000,18695.000
2020-07-30,18720.000,18925.000,18480.000,18745.000
2020-07-31,18660.000,19130.000,18490.000,19080.000
2020-08-03,18990.000,19095.000,18670.000,18790.000
2020-08-04,18940.000,19010.000,18735.000,18870.000
2020-08-05,18830.000,19070.000,18770.000,18850.000
2020-08-06,19150.000,19550.000,19005.000,19365.000
2020-08-07,19435.000,19570.000,19250.000,19430.000
2020-08-10,19490.000,19655.000,19145.000,19220.000
2020-08-11,19300.000,19455.000,19235.000,19285.000
2020-08-12,19380.000,19620.000,19065.000,19370.000
2020-08-13,19390.000,19490.000,19290.000,19390.000
2020-08-14,19410.000,19525.000,19245.000,19455.000
2020-08-17,19450.000,19855.000,19270.000,19790.000
2020-08-18,19875.000,20060.000,19800.000,19900.000
2020-08-19,20080.000,20180.000,19890.000,20175.000
2020-08-20,20195.000,20375.000,19900.000,20045.000
2020-08-21,20120.000,20170.000,19950.000,20005.000
2020-08-24,19920.000,19940.000,19685.000,19845.000
2020-08-25,19840.000,19890.000,19610.000,19840.000
2020-08-26,19950.000,20030.000,19755.000,19810.000
2020-08-27,19880.000,19930.000,19745.000,19850.000
2020-08-28,19815.000,20105.000,19685.000,20060.000
2020-08-31,20215.000,20245.000,19850.000,19905.000
2020-09-01,19985.000,20460.000,19905.000,20450.000
2020-09-02,20430.000,20440.000,20170.000,20325.000
2020-09-03,20330.000,20365.000,20130.000,20180.000
2020-09-04,20180.000,20295.000,19670.000,19860.000
2020-09-07,19835.000,20060.000,19710.000,19805.000
2020-09-08,19880.000,19955.000,19780.000,19800.000
2020-09-09,19570.000,19580.000,19205.000,19275.000
2020-09-10,19325.000,19410.000,19045.000,19055.000
2020-09-11,19175.000,19495.000,19130.000,19435.000
2020-09-14,19550.000,19845.000,19430.000,19770.000
2020-09-15,19770.000,20065.000,19710.000,20010.000
2020-09-16,20100.000,20130.000,19820.000,19955.000
2020-09-17,20010.000,20035.000,19650.000,19685.000
2020-09-18,19790.000,20255.000,19630.000,20215.000
2020-09-21,19940.000,20065.000,19785.000,19820.000
2020-09-22,19710.000,19740.000,19310.000,19530.000
2020-09-23,19585.000,19625.000,19135.000,19250.000
2020-09-24,19170.000,19290.000,18930.000,18985.000
2020-09-25,18940.000,19110.000,18680.000,19070.000
2020-09-28,18915.000,19085.000,18765.000,19055.000
2020-09-29,19170.000,19415.000,19125.000,19355.000
2020-09-30,19280.000,19390.000,19200.000,19285.000
2020-10-09,19230.000,19515.000,19230.000,19385.000
2020-10-12,19330.000,19500.000,19045.000,19465.000
2020-10-13,19450.000,19550.000,19215.000,19245.000
2020-10-14,19330.000,19340.000,19080.000,19120.000
2020-10-15,19190.000,19295.000,18975.000,19265.000
2020-10-16,19130.000,19335.000,18930.000,19040.000
2020-10-19,19110.000,19350.000,18990.000,19325.000
2020-10-20,19490.000,19520.000,19255.000,19370.000
2020-10-21,19430.000,19820.000,19415.000,19780.000
2020-10-22,19850.000,19925.000,19720.000,19845.000
2020-10-23,19745.000,19850.000,19680.000,19785.000
2020-10-26,19875.000,19950.000,19515.000,19525.000
2020-10-27,19490.000,19765.000,19485.000,19610.000
2020-10-28,19680.000,20135.000,19565.000,20065.000
2020-10-29,19800.000,19840.000,19550.000,19690.000
2020-10-30,19540.000,19830.000,19465.000,19580.000
2020-11-02,19640.000,19810.000,19510.000,19755.000
2020-11-03,19755.000,19985.000,19680.000,19950.000
2020-11-04,19985.000,20075.000,19620.000,19810.000
2020-11-05,19870.000,20165.000,19835.000,19845.000
2020-11-06,19965.000,20035.000,19810.000,19975.000
2020-11-09,20020.000,20475.000,19975.000,20465.000
2020-11-10,20495.000,20560.000,20065.000,20115.000
2020-11-11,20165.000,20290.000,20120.000,20135.000
2020-11-12,20185.000,20185.000,19870.000,20020.000
2020-11-13,19960.000,20090.000,19835.000,20020.000
2020-11-16,20020.000,20325.000,19985.000,20280.000
2020-11-17,20350.000,20470.000,20205.000,20355.000
2020-11-18,20370.000,20870.000,20365.000,20770.000
2020-11-19,20790.000,20850.000,20560.000,20845.000
2020-11-20,20735.000,21250.000,20705.000,21200.000
2020-11-23,21180.000,21260.000,20990.000,21030.000
2020-11-24,21000.000,21110.000,20665.000,20930.000
2020-11-25,20960.000,21030.000,20695.000,20710.000
2020-11-26,20785.000,21140.000,20695.000,21045.000
2020-11-27,20960.000,21200.000,20735.000,21050.000
2020-11-30,21135.000,21685.000,21080.000,21535.000
2020-12-01,21550.000,21610.000,21235.000,21315.000
2020-12-02,21345.000,21475.000,21115.000,21160.000
2020-12-03,21035.000,21130.000,20780.000,21015.000
2020-12-04,21030.000,21160.000,20825.000,21060.000
2020-12-07,20925.000,21060.000,20740.000,21045.000
2020-12-08,21045.000,21350.000,21010.000,21275.000
2020-12-09,21285.000,21600.000,21165.000,21455.000
2020-12-10,21500.000,21635.000,21305.000,21440.000
2020-12-11,21405.000,21975.000,21405.000,21525.000
2020-12-14,21525.000,21630.000,21310.000,21350.000
2020-12-15,21360.000,21535.000,21320.000,21455.000
2020-12-16,21565.000,21670.000,21325.000,21645.000
2020-12-17,21580.000,21955.000,21465.000,21945.000
2020-12-18,21860.000,22085.000,21765.000,21950.000
2020-12-21,21920.000,22315.000,21780.000,22180.000
2020-12-22,21900.000,22020.000,21460.000,21510.000
2020-12-23,21595.000,21660.000,21195.000,21335.000
2020-12-24,21400.000,21540.000,21390.000,21450.000
2020-12-25,21545.000,21810.000,21480.000,21715.000
2020-12-28,21655.000,21925.000,21455.000,21505.000
2020-12-29,21590.000,21685.000,20940.000,21025.000
2020-12-30,20995.000,21070.000,20755.000,20920.000
2020-12-31,20855.000,20990.000,20610.000,20675.000
2021-01-04,20875.000,20980.000,20735.000,20905.000
2021-01-05,21090.000,21180.000,20900.000,21150.000
2021-01-06,21085.000,21445.000,21080.000,21375.000
2021-01-07,21465.000,21700.000,21245.000,21620.000
2021-01-08,21545.000,21780.000,21505.000,21620.000
2021-01-11,21500.000,21500.000,20930.000,21020.000
2021-01-12,21040.000,21060.000,20650.000,20885.000
2021-01-13,20885.000,20970.000,20625.000,20760.000
2021-01-14,20710.000,20880.000,20385.000,20390.000
2021-01-15,20390.000,20795.000,20290.000,20290.000
2021-01-18,20300.000,20445.000,20135.000,20415.000
2021-01-19,20335.000,20415.000,20240.000,20305.000
2021-01-20,20340.000,20460.000,20185.000,20385.000
2021-01-21,20370.000,20660.000,20365.000,20540.000
2021-01-22,20615.000,20615.000,19950.000,19995.000
2021-01-25,20060.000,20500.000,20055.000,20440.000
2021-01-26,20315.000,20410.000,20000.000,20005.000
2021-01-27,20005.000,20070.000,19705.000,19780.000
2021-01-28,19560.000,19695.000,19325.000,19515.000
2021-01-29,19545.000,19715.000,19360.000,19415.000
2021-02-01,19505.000,19865.000,19495.000,19625.000
2021-02-02,19430.000,19600.000,19355.000,19505.000
2021-02-03,19550.000,19750.000,19465.000,19650.000
2021-02-04,19775.000,19980.000,19695.000,19925.000
2021-02-05,19890.000,20165.000,19800.000,20080.000
2021-02-08,20155.000,20310.000,19935.000,20035.000
2021-02-09,20025.000,20230.000,19890.000,20180.000
2021-02-10,20230.000,20515.000,20155.000,20495.000
2021-02-18,20825.000,21320.000,20825.000,21295.000
2021-02-19,21415.000,21670.000,21335.000,21630.000
2021-02-22,21660.000,22225.000,21505.000,21980.000
2021-02-23,21905.000,21955.000,21600.000,21840.000
2021-02-24,21615.000,21695.000,21190.000,21290.000
2021-02-25,21450.000,21960.000,21250.000,21675.000
2021-02-26,21790.000,21995.000,21320.000,21490.000
2021-03-01,21520.000,21520.000,21035.000,21340.000
2021-03-02,21325.000,21650.000,21090.000,21560.000
2021-03-03,21600.000,21835.000,21535.000,21705.000
2021-03-04,21455.000,21460.000,20960.000,20970.000
2021-03-05,21055.000,21360.000,20805.000,21240.000
2021-03-08,21145.000,21480.000,21120.000,21260.000
2021-03-09,21430.000,21710.000,21275.000,21290.000
2021-03-10,21290.000,21480.000,21205.000,21210.000
2021-03-11,21210.000,21880.000,21125.000,21775.000
2021-03-12,21610.000,21925.000,21555.000,21870.000
2021-03-15,21825.000,21960.000,21540.000,21865.000
2021-03-16,21835.000,22020.000,21585.000,21585.000
2021-03-17,21635.000,21795.000,21480.000,21715.000
2021-03-18,21660.000,21880.000,21390.000,21440.000
2021-03-19,21485.000,21615.000,21280.000,21460.000
2021-03-22,21510.000,22335.000,21420.000,22105.000
2021-03-23,22120.000,22465.000,21510.000,21860.000
2021-03-24,21885.000,21930.000,21575.000,21635.000
2021-03-25,21635.000,21710.000,21395.000,21415.000
2021-03-26,21430.000,21770.000,21340.000,21615.000
2021-03-29,21590.000,21875.000,21590.000,21800.000
2021-03-30,21825.000,21980.000,21750.000,21860.000
2021-03-31,21815.000,21900.000,21425.000,21560.000
2021-04-01,21590.000,21745.000,21405.000,21405.000
2021-04-02,21440.000,21555.000,21305.000,21460.000
2021-04-06,21335.000,21885.000,21335.000,21760.000
2021-04-07,21840.000,21960.000,21785.000,21865.000
2021-04-08,21755.000,22025.000,21730.000,22020.000
2021-04-09,22005.000,22215.000,21855.000,21915.000
2021-04-12,21960.000,22035.000,21495.000,21535.000
2021-04-13,21535.000,21545.000,21275.000,21350.000
2021-04-14,21540.000,21545.000,21315.000,21335.000
2021-04-15,21635.000,21730.000,21500.000,21675.000
2021-04-16,21550.000,21920.000,21545.000,21890.000
2021-04-19,21995.000,22015.000,21735.000,21945.000
2021-04-20,21945.000,21945.000,21725.000,21745.000
2021-04-21,21780.000,21780.000,21350.000,21425.000
2021-04-22,21400.000,21525.000,21350.000,21365.000
2021-04-23,21415.000,21525.000,21220.000,21380.000
2021-04-26,21390.000,21930.000,21385.000,21880.000
2021-04-27,22000.000,22430.000,21930.000,22235.000
2021-04-28,22100.000,22315.000,21940.000,22135.000
2021-04-29,22300.000,22610.000,22055.000,22265.000
2021-04-30,22275.000,22370.000,21720.000,21795.000
2021-05-03,22275.000,22370.000,21720.000,21795.000
2021-05-06,21830.000,22105.000,21760.000,22015.000
2021-05-07,22110.000,22465.000,21900.000,22415.000
2021-05-10,22600.000,23065.000,22505.000,22805.000
2021-05-11,22910.000,22910.000,22205.000,22515.000
2021-05-12,22560.000,22560.000,22325.000,22520.000
2021-05-13,22365.000,22390.000,21885.000,21990.000
2021-05-14,21800.000,22130.000,21755.000,22020.000
2021-05-17,21980.000,22420.000,21965.000,22380.000
2021-05-18,22450.000,23535.000,22385.000,23220.000
2021-05-19,23240.000,23395.000,22745.000,22755.000
2021-05-20,22580.000,22640.000,22085.000,22490.000
2021-05-21,22370.000,22610.000,22215.000,22435.000
2021-05-24,22730.000,22810.000,21930.000,22155.000
2021-05-25,22245.000,22395.000,22140.000,22145.000
2021-05-26,22220.000,22490.000,22130.000,22305.000
2021-05-27,22280.000,22695.000,22165.000,22595.000
2021-05-28,22505.000,23100.000,22500.000,23045.000
2021-05-31,22940.000,23125.000,22790.000,22900.000
2021-06-01,22815.000,23085.000,22600.000,23075.000
2021-06-02,22930.000,23210.000,22850.000,23140.000
2021-06-03,23155.000,23195.000,22780.000,22890.000
2021-06-04,22500.000,22595.000,22350.000,22520.000
2021-06-07,22590.000,22705.000,22405.000,22410.000
2021-06-08,22525.000,22790.000,22460.000,22505.000
2021-06-09,22505.000,22735.000,22420.000,22685.000
2021-06-10,22605.000,22710.000,22230.000,22400.000
2021-06-11,22440.000,22890.000,22345.000,22740.000
2021-06-15,22750.000,22845.000,22310.000,22460.000
2021-06-16,22480.000,22795.000,22300.000,22310.000
2021-06-17,22350.000,22830.000,22310.000,22650.000
2021-06-18,22450.000,22495.000,21845.000,21935.000
2021-06-21,21770.000,21790.000,21390.000,21515.000
2021-06-22,21515.000,21730.000,21485.000,21650.000
2021-06-23,21530.000,21825.000,21525.000,21805.000
2021-06-24,21880.000,22000.000,21700.000,21700.000
2021-06-25,21805.000,22025.000,21760.000,21760.000
2021-06-28,21845.000,21995.000,21710.000,21745.000
2021-06-29,21745.000,21955.000,21670.000,21905.000
2021-06-30,21905.000,22080.000,21810.000,21965.000
2021-07-01,22055.000,22255.000,22000.000,22180.000
2021-07-02,22160.000,22200.000,21930.000,22020.000
2021-07-05,22110.000,22340.000,21825.000,22200.000
2021-07-06,22150.000,22330.000,22090.000,22295.000
2021-07-07,22385.000,22410.000,21965.000,22350.000
2021-07-08,22260.000,22365.000,22100.000,22190.000
2021-07-09,22230.000,22420.000,22155.000,22360.000
2021-07-12,22445.000,22695.000,22165.000,22185.000
2021-07-13,22160.000,22235.000,21990.000,21995.000
2021-07-14,21925.000,22025.000,21770.000,21980.000
2021-07-15,21910.000,22145.000,21785.000,22130.000
2021-07-16,22080.000,22500.000,22070.000,22465.000
2021-07-19,22490.000,22635.000,22415.000,22495.000
2021-07-20,22295.000,22615.000,22280.000,22545.000
2021-07-21,22440.000,22600.000,22095.000,22170.000
2021-07-22,22175.000,22225.000,22105.000,22185.000
2021-07-23,22150.000,22325.000,22060.000,22210.000
2021-07-26,22300.000,22545.000,22225.000,22380.000
2021-07-27,22395.000,22685.000,22330.000,22375.000
2021-07-28,22395.000,22410.000,22215.000,22240.000
2021-07-29,22255.000,22380.000,22205.000,22360.000
2021-07-30,22305.000,22540.000,22290.000,22495.000
2021-08-02,22615.000,22700.000,22445.000,22570.000
2021-08-03,22660.000,22665.000,22105.000,22120.000
2021-08-04,22020.000,22130.000,21960.000,22050.000
2021-08-05,22050.000,22180.000,21990.000,22090.000
2021-08-06,22220.000,22600.000,22180.000,22580.000
2021-08-09,22430.000,22500.000,22250.000,22395.000
2021-08-10,22220.000,22450.000,22200.000,22430.000
2021-08-11,22400.000,22545.000,22360.000,22520.000
2021-08-12,22660.000,22820.000,22590.000,22795.000
2021-08-13,22610.000,22650.000,22300.000,22360.000
2021-08-16,22530.000,22675.000,22330.000,22400.000
2021-08-17,22560.000,22845.000,22510.000,22790.000
2021-08-18,22520.000,22805.000,22520.000,22640.000
2021-08-19,22620.000,22655.000,22400.000,22420.000
2021-08-20,22200.000,22495.000,22160.000,22430.000
2021-08-23,22280.000,22435.000,22205.000,22230.000
2021-08-24,22300.000,22400.000,22115.000,22330.000
2021-08-25,22450.000,22610.000,22430.000,22590.000
2021-08-26,22700.000,22735.000,22440.000,22510.000
2021-08-27,22505.000,22520.000,22240.000,22385.000
2021-08-30,22365.000,22660.000,22320.000,22635.000
2021-08-31,22635.000,22635.000,22285.000,22350.000
2021-09-01,22480.000,22500.000,22160.000,22165.000
2021-09-02,22190.000,22300.000,22010.000,22270.000
2021-09-03,22200.000,22505.000,22180.000,22415.000
2021-09-06,22415.000,22590.000,22360.000,22585.000
2021-09-07,22545.000,22600.000,22395.000,22505.000
2021-09-08,22645.000,22725.000,22530.000,22630.000
2021-09-09,22695.000,22980.000,22645.000,22960.000
2021-09-10,22910.000,22985.000,22745.000,22940.000
2021-09-13,23000.000,23225.000,22860.000,22885.000
2021-09-14,22975.000,23010.000,22570.000,22585.000
2021-09-15,22505.000,22630.000,22470.000,22575.000
2021-09-16,22630.000,22745.000,22505.000,22520.000
2021-09-17,22600.000,22880.000,22585.000,22780.000
2021-09-22,22485.000,22810.000,22380.000,22790.000
2021-09-23,22740.000,22840.000,22530.000,22670.000
2021-09-24,22780.000,23045.000,22670.000,22980.000
2021-09-27,23065.000,23285.000,22860.000,23020.000
2021-09-28,22880.000,22955.000,22655.000,22715.000
2021-09-29,22665.000,22780.000,22620.000,22690.000
2021-09-30,22625.000,22700.000,22350.000,22370.000
2021-10-01,22625.000,22700.000,22350.000,22370.000
2021-10-08,22555.000,22980.000,22555.000,22945.000
2021-10-11,23060.000,23445.000,22980.000,23240.000
2021-10-12,23450.000,23880.000,23385.000,23730.000
2021-10-13,23805.000,24000.000,23520.000,24000.000
2021-10-14,24495.000,25700.000,24455.000,25700.000
2021-10-15,25675.000,26060.000,25410.000,25720.000
2021-10-18,27480.000,27720.000,26860.000,27720.000
2021-10-19,27295.000,27585.000,26900.000,27275.000
2021-10-20,26795.000,26875.000,25050.000,25450.000
2021-10-21,25700.000,26225.000,25400.000,25400.000
2021-10-22,25150.000,25395.000,24080.000,24695.000
2021-10-25,24675.000,25120.000,24040.000,24750.000
2021-10-26,24820.000,24935.000,24120.000,24435.000
2021-10-27,24330.000,24785.000,23855.000,23895.000
2021-10-28,23725.000,24205.000,23335.000,23860.000
2021-10-29,23760.000,23905.000,23320.000,23470.000
2021-11-01,23570.000,24450.000,23445.000,24055.000
2021-11-02,24090.000,24190.000,23450.000,23605.000
2021-11-03,23605.000,24030.000,23390.000,23780.000
2021-11-04,23635.000,24000.000,23160.000,23835.000
2021-11-05,23620.000,23725.000,22605.000,22835.000
2021-11-08,22730.000,23125.000,22640.000,22920.000
2021-11-09,23010.000,23260.000,22780.000,23185.000
2021-11-10,23310.000,23580.000,22965.000,23330.000
2021-11-11,23350.000,23570.000,23180.000,23520.000
2021-11-12,23425.000,23480.000,23130.000,23185.000
2021-11-15,23245.000,23400.000,23000.000,23070.000
2021-11-16,23110.000,23115.000,22580.000,22635.000
2021-11-17,22670.000,22985.000,22640.000,22905.000
2021-11-18,22845.000,22885.000,22250.000,22310.000
2021-11-19,22400.000,22935.000,22285.000,22810.000
2021-11-22,22645.000,23140.000,22615.000,22930.000
2021-11-23,22915.000,23980.000,22915.000,23710.000
2021-11-24,23810.000,23835.000,23520.000,23755.000
2021-11-25,23830.000,23910.000,23625.000,23780.000
2021-11-26,23880.000,23880.000,23360.000,23445.000
2021-11-29,23000.000,23095.000,22690.000,22925.000
2021-11-30,22955.000,23040.000,22800.000,22870.000
2021-12-01,23120.000,23300.000,22875.000,23025.000
2021-12-02,23025.000,23205.000,22890.000,22895.000
2021-12-03,23080.000,23335.000,22850.000,23265.000
2021-12-06,23170.000,23195.000,22670.000,22725.000
2021-12-07,22725.000,22970.000,22720.000,22860.000
2021-12-08,23080.000,23225.000,23015.000,23175.000
2021-12-09,23315.000,23600.000,23225.000,23505.000
2021-12-10,23505.000,23615.000,23380.000,23445.000
2021-12-13,23385.000,23785.000,23285.000,23775.000
2021-12-14,23745.000,23750.000,23340.000,23565.000
2021-12-15,23535.000,23540.000,22990.000,23045.000
2021-12-16,23005.000,23435.000,22870.000,23410.000
2021-12-17,23540.000,24160.000,23495.000,24150.000
2021-12-20,24100.000,24175.000,23520.000,23540.000
2021-12-21,23620.000,23620.000,23350.000,23555.000
2021-12-22,23760.000,24100.000,23630.000,24025.000
2021-12-23,24350.000,24545.000,24240.000,24480.000
2021-12-24,24405.000,24470.000,24240.000,24320.000
2021-12-27,24410.000,24655.000,23940.000,23955.000
2021-12-28,24050.000,24230.000,23845.000,24100.000
2021-12-29,24020.000,24135.000,23840.000,24090.000
2021-12-30,24150.000,24200.000,23895.000,24165.000
2021-12-31,24230.000,24580.000,23930.000,24125.000
2022-01-04,24200.000,24300.000,23970.000,24050.000
2022-01-05,24200.000,24545.000,24090.000,24415.000
2022-01-06,24425.000,24580.000,24310.000,24385.000
2022-01-07,24500.000,24865.000,24190.000,24500.000
2022-01-10,24475.000,24540.000,24140.000,24270.000
2022-01-11,24235.000,24385.000,23985.000,24240.000
2022-01-12,24355.000,25010.000,24355.000,24945.000
2022-01-13,25095.000,25145.000,24740.000,24850.000
2022-01-14,25000.000,25090.000,24790.000,25030.000
2022-01-17,24960.000,24960.000,24470.000,24595.000
2022-01-18,24520.000,24680.000,24385.000,24655.000
2022-01-19,24655.000,24975.000,24590.000,24840.000
2022-01-20,24985.000,25365.000,24920.000,25210.000
2022-01-21,25300.000,25400.000,25055.000,25215.000
2022-01-24,25235.000,25415.000,24765.000,24860.000
2022-01-25,24750.000,24925.000,24660.000,24740.000
2022-01-26,24825.000,24980.000,24650.000,24955.000
2022-01-27,24900.000,25060.000,24560.000,24820.000
2022-01-28,25010.000,25525.000,25000.000,25295.000
2022-02-07,25400.000,25435.000,25000.000,25075.000
2022-02-08,25205.000,25565.000,25175.000,25505.000
2022-02-09,25365.000,25390.000,25050.000,25245.000
2022-02-10,25380.000,25865.000,25300.000,25775.000
2022-02-11,25915.000,26175.000,25535.000,25550.000
2022-02-14,25720.000,25835.000,25370.000,25450.000
2022-02-15,25430.000,25450.000,24930.000,25140.000
2022-02-16,25200.000,25285.000,25010.000,25070.000
2022-02-17,25200.000,25215.000,24865.000,24920.000
2022-02-18,24960.000,25365.000,24960.000,25300.000
2022-02-21,25220.000,25245.000,24655.000,24860.000
2022-02-22,24745.000,24960.000,24730.000,24860.000
2022-02-23,25000.000,25280.000,25000.000,25095.000
2022-02-24,25060.000,25080.000,24675.000,24740.000
2022-02-25,25000.000,25065.000,24525.000,24715.000
2022-02-28,24860.000,25100.000,24725.000,25045.000
2022-03-01,24955.000,25340.000,24955.000,25185.000
2022-03-02,25400.000,25765.000,25310.000,25740.000
2022-03-03,26000.000,26240.000,25795.000,26120.000
2022-03-04,25955.000,26110.000,25715.000,25870.000
2022-03-07,25840.000,27050.000,25650.000,26560.000
2022-03-08,26740.000,28440.000,26285.000,28195.000
2022-03-09,26215.000,26900.000,25785.000,26130.000
2022-03-10,25800.000,25835.000,25180.000,25555.000
2022-03-11,25475.000,25810.000,25440.000,25560.000
2022-03-14,25480.000,25550.000,25310.000,25340.000
2022-03-15,25320.000,25360.000,25140.000,25270.000
2022-03-16,25150.000,25475.000,24815.000,25475.000
2022-03-17,25550.000,25630.000,25210.000,25310.000
2022-03-18,25240.000,25615.000,25200.000,25545.000
2022-03-21,25385.000,25560.000,25230.000,25560.000
2022-03-22,25655.000,25800.000,25505.000,25510.000
2022-03-23,25700.000,25810.000,25550.000,25750.000
2022-03-24,26085.000,26460.000,25915.000,26145.000
2022-03-25,26250.000,26470.000,26080.000,26380.000
2022-03-28,26290.000,26390.000,26100.000,26315.000
2022-03-29,26340.000,26715.000,26265.000,26580.000
2022-03-30,26300.000,27030.000,26145.000,26775.000
2022-03-31,26800.000,27055.000,26720.000,26785.000
2022-04-01,26790.000,27160.000,26730.000,26875.000
2022-04-04,26790.000,27160.000,26730.000,26875.000
2022-04-06,27345.000,27520.000,27165.000,27375.000
2022-04-07,27490.000,27550.000,27145.000,27280.000
2022-04-08,27100.000,27240.000,26910.000,27150.000
2022-04-11,27255.000,27580.000,27220.000,27240.000
2022-04-12,27360.000,27960.000,27070.000,27870.000
2022-04-13,27710.000,28995.000,27705.000,28395.000
2022-04-14,28500.000,28635.000,27825.000,27845.000
2022-04-15,28035.000,28390.000,27945.000,28320.000
2022-04-18,28300.000,28430.000,27875.000,28400.000
2022-04-19,28310.000,28985.000,28225.000,28505.000
2022-04-20,28560.000,28830.000,28275.000,28670.000
2022-04-21,28550.000,28700.000,28360.000,28400.000
2022-04-22,28515.000,28740.000,28340.000,28445.000
2022-04-25,28560.000,28720.000,27640.000,27650.000
2022-04-26,27450.000,27870.000,27075.000,27580.000
2022-04-27,27475.000,27730.000,27375.000,27590.000
2022-04-28,27620.000,27975.000,27525.000,27895.000
2022-04-29,27715.000,28065.000,27570.000,27950.000
2022-05-05,27500.000,27940.000,27315.000,27450.000
2022-05-06,27200.000,27345.000,26835.000,26860.000
2022-05-09,26500.000,26530.000,26110.000,26205.000
2022-05-10,25780.000,26060.000,25355.000,25775.000
2022-05-11,25450.000,25965.000,25250.000,25690.000
2022-05-12,25635.000,26020.000,25460.000,25545.000
2022-05-13,25335.000,25545.000,25060.000,25525.000
2022-05-16,25120.000,25800.000,25120.000,25500.000
2022-05-17,25780.000,26015.000,25650.000,25745.000
2022-05-18,26085.000,26130.000,25470.000,25475.000
2022-05-19,25475.000,25715.000,25355.000,25505.000
2022-05-20,25650.000,25910.000,25590.000,25685.000
2022-05-23,25685.000,25835.000,25380.000,25480.000
2022-05-24,25590.000,25665.000,25260.000,25290.000
2022-05-25,25260.000,25680.000,25250.000,25640.000
2022-05-26,25460.000,25580.000,25290.000,25390.000
2022-05-27,25400.000,25925.000,25360.000,25860.000
2022-05-30,25940.000,26285.000,25915.000,26060.000
2022-05-31,26180.000,26295.000,26060.000,26205.000
2022-06-01,26225.000,26335.000,25990.000,26180.000
2022-06-02,26330.000,26485.000,26120.000,26370.000
2022-06-06,26405.000,26775.000,26340.000,26690.000
2022-06-07,26465.000,26515.000,26030.000,26130.000
2022-06-08,25850.000,26430.000,25800.000,26255.000
2022-06-09,26270.000,26590.000,26270.000,26460.000
2022-06-10,26330.000,26330.000,26020.000,26100.000
2022-06-13,26095.000,26200.000,25800.000,25835.000
2022-06-14,25700.000,26080.000,25600.000,26065.000
2022-06-15,25840.000,26100.000,25755.000,25810.000
2022-06-16,25995.000,26290.000,25845.000,26055.000
2022-06-17,25795.000,25825.000,25520.000,25780.000
2022-06-20,25515.000,25620.000,25165.000,25285.000
2022-06-21,25205.000,25525.000,24860.000,25365.000
2022-06-22,25570.000,25860.000,25280.000,25295.000
2022-06-23,25185.000,25360.000,24840.000,25095.000
2022-06-24,24850.000,24880.000,23865.000,23905.000
2022-06-27,23790.000,24015.000,22525.000,23690.000
2022-06-28,23675.000,24280.000,23485.000,24250.000
2022-06-29,24180.000,24260.000,23735.000,24030.000
2022-06-30,24185.000,24600.000,23740.000,23765.000
2022-07-01,23180.000,23385.000,22690.000,22910.000
2022-07-04,22600.000,22945.000,22475.000,22780.000
2022-07-05,22905.000,23465.000,22830.000,23130.000
2022-07-06,22670.000,22910.000,22255.000,22890.000
2022-07-07,23015.000,23530.000,22780.000,23260.000
2022-07-08,23440.000,23710.000,23405.000,23470.000
2022-07-11,23450.000,23700.000,23270.000,23540.000
2022-07-12,23505.000,23925.000,23180.000,23460.000
2022-07-13,23460.000,23515.000,22520.000,22675.000
2022-07-14,22600.000,22660.000,21785.000,22020.000
2022-07-15,22000.000,22190.000,21625.000,21720.000
2022-07-18,22020.000,22710.000,21880.000,22660.000
2022-07-19,22770.000,22880.000,22305.000,22330.000
2022-07-20,22470.000,22950.000,22315.000,22840.000
2022-07-21,22980.000,23030.000,22540.000,22660.000
2022-07-22,22505.000,22800.000,22400.000,22760.000
2022-07-25,22380.000,22790.000,22350.000,22500.000
2022-07-26,22455.000,22905.000,22380.000,22895.000
2022-07-27,22975.000,22980.000,22535.000,22720.000
2022-07-28,22710.000,23635.000,22590.000,23610.000
2022-07-29,23610.000,23980.000,23430.000,23975.000
2022-08-01,24200.000,24405.000,23930.000,24060.000
2022-08-02,24060.000,24130.000,23695.000,23915.000
2022-08-03,23990.000,24065.000,23395.000,23695.000
2022-08-04,23620.000,23790.000,23510.000,23655.000
2022-08-05,23835.000,24905.000,23685.000,24600.000
2022-08-08,24410.000,24535.000,23850.000,24345.000
2022-08-09,24195.000,24375.000,24045.000,24300.000
2022-08-10,24580.000,24900.000,24575.000,24875.000
2022-08-11,24980.000,25410.000,24940.000,25265.000
2022-08-12,25330.000,25435.000,25015.000,25160.000
2022-08-15,24900.000,24915.000,24505.000,24575.000
2022-08-16,24655.000,25135.000,24375.000,25095.000
2022-08-17,25865.000,25935.000,25370.000,25420.000
2022-08-18,25100.000,25275.000,24540.000,24590.000
2022-08-19,24795.000,25055.000,24690.000,24860.000
2022-08-22,24835.000,25225.000,24655.000,25125.000
2022-08-23,25070.000,25530.000,25025.000,25365.000
2022-08-24,25185.000,25520.000,25120.000,25495.000
2022-08-25,25105.000,25370.000,25005.000,25325.000
2022-08-26,25320.000,25615.000,25240.000,25500.000
2022-08-29,25685.000,25785.000,24835.000,25025.000
2022-08-30,25050.000,25145.000,24670.000,24840.000
2022-08-31,24840.000,25080.000,24705.000,24965.000
2022-09-01,24800.000,24960.000,24240.000,24260.000
2022-09-02,23870.000,23945.000,23625.000,23715.000
2022-09-05,23420.000,24245.000,23335.000,24165.000
2022-09-06,24240.000,24405.000,24155.000,24330.000
2022-09-07,24130.000,24225.000,23760.000,23795.000
2022-09-08,23775.000,24265.000,23715.000,24145.000
2022-09-09,24050.000,24860.000,24000.000,24710.000
2022-09-13,24730.000,24995.000,24700.000,24825.000
2022-09-14,24800.000,25125.000,24655.000,24760.000
2022-09-15,24780.000,24965.000,24625.000,24675.000
2022-09-16,24600.000,24780.000,24350.000,24350.000
2022-09-19,24315.000,24890.000,24270.000,24480.000
2022-09-20,24380.000,24720.000,24330.000,24505.000
2022-09-21,24650.000,24850.000,24430.000,24720.000
2022-09-22,24620.000,25005.000,24420.000,24840.000
2022-09-23,24955.000,25215.000,24740.000,24760.000
2022-09-26,24135.000,24235.000,23810.000,23825.000
2022-09-27,23810.000,24195.000,23740.000,23970.000
2022-09-28,24045.000,24045.000,23260.000,23260.000
2022-09-29,23420.000,23855.000,23420.000,23785.000
2022-09-30,24080.000,24180.000,23660.000,23670.000
2022-10-10,23720.000,24425.000,23720.000,24305.000
2022-10-11,24350.000,24760.000,24290.000,24610.000
2022-10-12,24730.000,24770.000,24405.000,24680.000
2022-10-13,24705.000,24935.000,24495.000,24540.000
2022-10-14,24340.000,24985.000,24280.000,24970.000
2022-10-17,24790.000,24885.000,24485.000,24625.000
2022-10-18,24600.000,24655.000,24405.000,24530.000
2022-10-19,24405.000,25045.000,24405.000,24955.000
2022-10-20,24855.000,25285.000,24850.000,25100.000
2022-10-21,25160.000,25650.000,24630.000,24640.000
2022-10-24,24655.000,24805.000,24455.000,24675.000
2022-10-25,24575.000,24685.000,24465.000,24585.000
2022-10-26,24015.000,24185.000,23925.000,24005.000
2022-10-27,24190.000,24270.000,24055.000,24120.000
2022-10-28,24100.000,24345.000,23500.000,23500.000
2022-10-31,23500.000,23665.000,22570.000,22610.000
2022-11-01,22610.000,22760.000,21930.000,22700.000
2022-11-02,22755.000,23055.000,22580.000,22915.000
2022-11-03,22840.000,22975.000,22605.000,22770.000
2022-11-04,22420.000,23545.000,22400.000,23370.000
2022-11-07,23725.000,23975.000,23260.000,23630.000
2022-11-08,23650.000,23930.000,23435.000,23715.000
2022-11-09,23720.000,23930.000,23555.000,23850.000
2022-11-10,23595.000,23860.000,23370.000,23520.000
2022-11-11,23400.000,24150.000,23315.000,23905.000
2022-11-14,23890.000,24175.000,23740.000,23985.000
2022-11-15,24060.000,24545.000,23990.000,24460.000
2022-11-16,24375.000,24545.000,24195.000,24385.000
2022-11-17,24305.000,24470.000,24090.000,24420.000
2022-11-18,24200.000,24470.000,24170.000,24395.000
2022-11-21,24400.000,24675.000,24010.000,24205.000
2022-11-22,24085.000,24170.000,23625.000,23690.000
2022-11-23,23460.000,23645.000,23285.000,23410.000
2022-11-24,23430.000,23695.000,23385.000,23620.000
2022-11-25,23580.000,23755.000,23430.000,23700.000
2022-11-28,23800.000,23840.000,23395.000,23565.000
2022-11-29,23605.000,24095.000,23605.000,23980.000
2022-11-30,23820.000,23925.000,23670.000,23845.000
2022-12-01,23980.000,24505.000,23960.000,24500.000
2022-12-02,24410.000,24730.000,24365.000,24680.000
2022-12-05,24580.000,24825.000,24350.000,24520.000
2022-12-06,24520.000,24660.000,24380.000,24615.000
2022-12-07,24790.000,24950.000,24525.000,24610.000
2022-12-08,24590.000,24980.000,24585.000,24830.000
2022-12-09,24840.000,24990.000,24705.000,24965.000
2022-12-12,24840.000,24945.000,24565.000,24670.000
2022-12-13,24810.000,25065.000,24640.000,24730.000
2022-12-14,24735.000,25030.000,24670.000,24815.000
2022-12-15,24575.000,24590.000,24350.000,24565.000
2022-12-16,24485.000,24550.000,24055.000,24090.000
2022-12-19,23910.000,24105.000,23775.000,23790.000
2022-12-20,23790.000,23830.000,23255.000,23445.000
2022-12-21,23400.000,23540.000,23290.000,23415.000
2022-12-22,23345.000,23520.000,23265.000,23285.000
2022-12-23,23255.000,23325.000,23020.000,23155.000
2022-12-26,23235.000,23550.000,23170.000,23520.000
2022-12-27,23625.000,23890.000,23465.000,23810.000
2022-12-28,23810.000,23975.000,23660.000,23965.000
2022-12-29,23860.000,23945.000,23760.000,23800.000
2022-12-30,23745.000,23805.000,23590.000,23765.000
2023-01-03,23800.000,23800.000,23225.000,23455.000
2023-01-04,23350.000,23545.000,23100.000,23105.000
2023-01-05,23060.000,23240.000,22975.000,23170.000
2023-01-06,23230.000,23340.000,23110.000,23230.000
2023-01-09,23130.000,23635.000,22970.000,23515.000
2023-01-10,23655.000,23955.000,23595.000,23735.000
2023-01-11,23735.000,23820.000,23595.000,23670.000
2023-01-12,23695.000,23995.000,23630.000,23785.000
2023-01-13,23815.000,24225.000,23685.000,24155.000
2023-01-16,24165.000,24415.000,24025.000,24275.000
2023-01-17,24300.000,24345.000,24110.000,24120.000
2023-01-18,24190.000,24470.000,24130.000,24375.000
2023-01-19,24540.000,24695.000,24120.000,24340.000
2023-01-20,24375.000,24780.000,24310.000,24765.000
